City Names,State,Area 1,Area 2,Area 3,Area 4,Area 5,Area 6,Area 7
Adilabad,Telangana,Gandhi Chowk,Collectorate Road,Shivaji Nagar,Mavala Area,,,NH 44 Bypass
Adoni,Andhra Pradesh,Municipality Road,Srinivasa Nagar,,,,Alur Road,Kallu Bavi Area
Agartala,Tripura,City Centre,Akhaura Road,Palace Compound,Airport Road,Banamalipur,Radhanagar,Battala
Agra,Uttar Pradesh,Taj Ganj,Fatehabad Road,Sanjay Place,Civil Lines,Raja Ki Mandi,Sadar Bazaar,Idgah Colony
Ahmedabad,Gujarat,Ashram Road,Navrangpura,SG Highway,Ellisbridge,Vastrapur,Prahlad Nagar,Airport Road
Ahmednagar,Maharashtra,Station Road,Savedi,Market Yard,Delhi Gate,MIDC Area,Nagar-Pune Road,Kotla Stand
Ajmer,Rajasthan,Dargah Sharif Area,Station Road,Pushkar Road,Civil Lines,Panchsheel Nagar,Vaishali Nagar,Kutchery Road
Akanwali,Haryana,Main Market,Bus Stand Road,Railway Road,Mandi Area,Civil Hospital Road,Bypass Road,Tohana Road
Akola,Maharashtra,Station Road,Civil Lines,Jatharpeth,Malkapur Road,Gaurakshan Road,MIDC Phase 1,Ramdaspeth
Alappuzha,Kerala,Finishing Point,Beach Road,Boat Jetty Area,Civil Station Ward,Mullakkal,Punnamada,KSRTC Bus Stand
Alibag,Maharashtra,Varsoli Beach Road,Alibag Beach,Nagaon Road,Revdanda Road,Kihim Beach,Bus Depot Area,Chhatrapati Shivaji Chowk
Aligarh,Uttar Pradesh,Civil Lines,Centre Point,GT Road,Railway Station Road,Ramghat Road,Medical Road,Marris Road
Alipurduar,West Bengal,Buxa Feeder Road,New Town,Junction Railway Station,Alipurduar Court,Babupara,College Road,Dooars Road
Alwar,Rajasthan,Moti Doongri,Station Road,Manu Marg,Alwar Bypass Road,Company Bagh,Scheme 2,Nehru Garden Road
Amarpatan,Madhya Pradesh,NH 39 Road,Bus Stand Area,Main Market,Hospital Chowk,Maihar Road,Rewa Highway,Tehsil Road
Ambala,Haryana,Cloth Market,Model Town,Jagadhri Road,GT Road,Ambala City Market,Baldev Nagar,
Amethi,Uttar Pradesh,Station Road,Ramnagar Area,Munshiganj Road,Bus Station Market,Civil Court Road,HAL Township Gate,Gauriganj Road
Amnour,Bihar,Main Chowk,Block Road,Bus Stand Area,Market Yard,High School Road,Hospital Road,State Highway Road
Amravati,Maharashtra,Badnera Road,Rajkamal Chowk,Gadge Nagar,Camp Area,Railway Station Road,Panchavati Chowk,MIDC Area
Amreli,Gujarat,Station Road,Tower Road,Lathi Road,Bypass Circle,GIDC Area,Chital Road,Raj Mahal Road
Amritsar,Punjab,Golden Temple Area,Mall Road,Ranjit Avenue,Railway Station Road,Lawrence Road,GT Road Bypass,Hall Bazaar
Anand,Gujarat,Station Road,Amul Dairy Road,Ganesh Crossing,Vallabh Vidyanagar,Anand-Sojitra Road,Jitodia Road,Borsad Crossing
Anandapur,Odisha,Main Bazaar,Bus Stand Area,Salandi Riverfront,Hospital Road,College Road,Block Chowk,State Highway
Anandpur Sahib,Punjab,Gurdwara Kesgarh Sahib Area,Main Bazaar,Nangal Road,Bus Stand Area,Railway Station Road,Kila Anandgarh Road,Virasat-e-Khalsa Area
Anantapur,Andhra Pradesh,Clock Tower,Subash Road,Collectorate Area,Railway Station Road,RTC Bus Stand,Rudrampeta Bypass,Saptagiri Circle
Angul,Odisha,Collectorate Area,Bus Stand Road,Gandhi Marg,Nalco Township Gate,Amalapada,NH 55 Bypass,Hulusingha Road
Ankleshwar,Gujarat,Station Road,GIDC Industrial Area,Old Town,Rajpipla Road,Valia Road,NH 48 Highway,Golden Bridge Area
Aonla,Uttar Pradesh,Main Market,Station Road,Ramnagar Road,Budaun Road,Tehsil Road,Civil Hospital Road,Mandi Chowk
Arrah,Bihar,Station Road,Maharaja Hata,Anaith,Gopali Chowk,Judge Court Road,Katira Road,Bypass Circle
Asansol,West Bengal,Court Road,GT Road Asansol,Burnpur Road,City Bus Terminus,Ushagram,Kalyanpur Housing,Asansol Junction Area
Aurangabad,Maharashtra,CIDCO,Jalna Road,Cannaught Place,Railway Station Road,Kranti Chowk,Samarth Nagar,Shendra MIDC
Aurangabad - Bihar,Bihar,Old GT Road,Ramesh Chowk,Overbridge Road,Bus Stand Area,Collectorate Compound,Dani Bigaha,Hospital Road
Ayodhya,Uttar Pradesh,Ram Janmabhoomi Marg,Naya Ghat,Faizabad Road,Civil Lines Ayodhya,Railway Station Area,Tedhi Bazaar,Devkali Bypass
Azamgarh,Uttar Pradesh,Civil Lines,Harbanshpura,Railway Station Road,Chowk Market,Sidhari Bypass,Bilriyaganj Road,Belisa Industrial Area
Bachhrawan,Uttar Pradesh,Main Market,Lucknow-Raebareli Highway,Bus Station Area,Railway Station Road,Thana Road,Block Road,Hospital Road
Baddi,Himachal Pradesh,Baddi Main Road,Sai Road,Phase 1 Industrial Area,Housing Board Colony,Barotiwala Road,Nalagarh Road,Baddi Barrier
Bafliaz,Jammu and Kashmir,Mughal Road,Main Bazaar,Poonch-Surankote Highway,Bus Stand Chowk,River Point,Dak Bungalow Road,Army Camp Area
Bagalkot,Karnataka,Station Road,Vidyagiri,Navanagar,Muchakhandi Area,Sector 10,APMC Yard,Ilkal Road
Bah,Uttar Pradesh,Bateshwar Road,Main Bazaar,Bus Stand Area,Tehsil Compound,Chambal Safari Road,Hospital Road,Agra Road
Bahal,Haryana,Loharu Road,Main Market,Bus Stand Road,BRCM College Area,Surajgarh Road,Railway Crossing Area,Panchayat Chowk
Bahoriband,Madhya Pradesh,Main Market,Tehsil Road,Hospital Chowk,Katni Highway Road,Bus Stand Road,Kaimur Road,Panchayat Complex
Bakkhali,West Bengal,Frazergunj Beach,Bakkhali Sea Beach Road,Bus Stand Area,Laxmipur Road,Helipad Ground Area,Benfish Resort Zone,Haripur Road
Balasore,Odisha,Station Road,Sahadevkhunta,OT Road,Fakir Mohan Golaye,Remuna Golei,Cinema Chowk,Kuruda Bypass
Balrampur,Uttar Pradesh,Civil Lines,Station Road,Veer Vinay Chowk,Pahalwara,Hospital Road,Gonda Highway,Utraula Road
Balugaon,Odisha,Railway Station Road,Chilika Lake Jetty Road,NH 16 Bypass,Old Bus Stand,Market Chowk,College Road,Barkul Point
Balurghat,West Bengal,New Market,Hili More,Raghunathpur,Balurghat Bus Terminus,Station Road,Thana Morh,Beltala Park
Banaskantha,Gujarat,Palanpur-Highway Road,Ambaji Road,Deesa Highway,Collectorate Area,GIDC Banaskantha,Gayatri Mandir Road,Taluka Panchayat Road
Banaswara,Rajasthan,Custom House Area,College Road,Station Road,Mohan Colony,Banswara-Dungarpur Highway,Housing Board,Ratlam Road
Bangalore,Karnataka,MG Road,Koramangala,Indiranagar,Whitefield,Electronic City,Jayanagar,Hebbal
Banjar,Himachal Pradesh,Tirthan Valley Road,Main Market Banjar,Bus Stand Road,Jibhi Crossing,Gushaini Road,Shoja Pass Road,River View Point
Bankura,West Bengal,Kenduadihi,Machantala,Station Road,Nutanganj,Junbedia Bypass,Lokepur,Pratap Bagan
Banswara,Rajasthan,Custom Colony,College Road,Mohan Colony,Dungarpur Link Road,Dahod Highway,Bus Stand Road,Madhav Kunj
Banthra,Uttar Pradesh,Kanpur-Lucknow Highway,Industrial Area Banthra,Sarojini Nagar Road,Main Market,Banthra Chauraha,Bijnaur Road,Airport Belt
Barabanki,Uttar Pradesh,Nawabganj,Station Road,Faizabad Road,Civil Lines,Dewa Road,Lucknow Highway Bypass,Satrikh Road
Bareilly,Uttar Pradesh,Civil Lines Bareilly,Station Road,DD Puram,Rajendra Nagar,Pilibhit Bypass,Rampur Garden,Delapeer
Bargarh,Odisha,Bhatli Road,Station Road,Main Market,Near Old Bus Stand,Barpali Road,Collectorate Compound,NH 6 Bypass
Barpeta,Assam,Barpeta Town Road,Bilortari Hati,Barpeta Satra Area,Bus Stand Road,Howly Road,Barpeta Road Station,College Road
Basti,Uttar Pradesh,Company Bagh,Civil Lines,Railway Station Road,Malviya Road,Old GT Road,Katra Market,Gorakhpur Highway Bypass
Bathinda,Punjab,Mall Road,Railway Station Area,Model Town,GT Road Bathinda,Barnala Bypass,Civil Lines,Goniana Road
Bawal,Haryana,Rewari-Bawal Road,HSIDC Sector 3,Main Market,NH 48 Bawal Chowk,Bus Stand Road,Kasola Chowk,Industrial Growth Centre
Beed,Maharashtra,Nagar Road,Shivaji Chowk,Jalna Road,Station Road,Subhash Road,Khadki Area,Barshi Naka
Begusarai,Bihar,Harrakh,Vishnupur,Station Road,Traffic Chowk,Zero Mile Bypass,Lakhminia Road,Begusarai Market
Behrampur,Odisha,Giri Road,Old Bus Stand,Courtpeta,Bada Bazaar,Railway Station Road,Gopalpur Road,Gate Bazaar
Bellampalle,Telangana,Station Road,Old Bus Stand,Subhash Nagar,Bellampalle Chowk,Mandi Bazaar,Coal Mines Road,Mancherial Highway
Berhampore,West Bengal,Panchanantala,Station Road,Khagra,Gorabazar,Laldighi Area,Cantonment Road,Ranibagan
Bettiah,Bihar,Station Road Bettiah,Supriya Cinema Road,Lal Bazaar,Hospital Road,Kumarbagh Industrial Area,Bus Stand Area,Chhatauni Road
Betul,Madhya Pradesh,Ganj Basoda Road,Civil Lines,Station Road,Kothi Bazaar,NH 46 Bypass,Bus Stand Chowk,Badora Industrial Area
Bewar,Uttar Pradesh,GT Road Bewar,Chhibramau Road,Main Market,Bus Stand Road,Thana Chauraha,Hospital Road,Tehsil Road
Bhabhua,Bihar,Ekta Chowk,Collectorate Area,Bus Stand Road,Station Road Bhabhua,Mohania Road,Patel Chowk,Kaimur Hills Base
Bhadohi,Uttar Pradesh,Station Road Bhadohi,Maryadpatti,Civil Lines,Gyanpur Road,Rajnagar,Carpet City Area,Chauri Road
Bhadra,Rajasthan,Main Bazaar,Railway Station Road,Hisar-Bhadra Road,Nohar Road,Anaj Mandi Area,Court Compound,Bus Stand Circle
Bhadrak,Odisha,Bypass Chowk,Station Road Bhadrak,Charampa,Bonth Chhak,Old Bus Stand,Aradi Road,Kachery Road
Bhagalpur,Bihar,Station Road Bhagalpur,Tilka Manjhi,Khanjarpur,Adampur,Zero Mile Chowk,Naya Bazaar,Barari Road
Bhandara,Maharashtra,Station Road Bhandara,Khat Road,Tumsar Road,Civil Lines,Rajiv Gandhi Chowk,Bada Bazaar,NH 53 Bypass
Bharatpur,Rajasthan,Kumher Gate,Station Road Bharatpur,Circular Road,Laxman Mandir Market,Keoladeo National Park Road,Hiradas Bus Stand,Mathura Gate
Bhavnagar,Gujarat,Waghawadi Road,Kalanala,Nilambag,Chitra GIDC,Station Road Bhavnagar,Crescent Circle,Ghogha Circle
Bhilai,Chhattisgarh,Supela,Nehru Nagar,Civic Centre,Durg-Bhilai Road,Smriti Nagar,Power House Railway Station,Sector 6
Bhilwara,Rajasthan,Bhopal Ganj,Station Road Bhilwara,Gandhi Nagar,Chittorgarh Road,Pur Road,Subhash Nagar,Ajmer Road Bypass
Bhind,Madhya Pradesh,Station Road Bhind,Lahar Chauraha,Ater Road,Gwalior Road,Kila Road,Housing Board Colony,Galla Mandi
Bhinmal,Rajasthan,Station Road Bhinmal,Magh Chowk,Jalore Road,Karda Road,Main Market,Railway Colony,Jaswantpura Road
Bhiwadi,Rajasthan,Alwar Bypass Road,RIICO Industrial Area,UIT Complex,Tapukara Road,Samalha,Bhagat Singh Chowk,Dharuhera Link Road
Bhiwapur,Maharashtra,Main Market,Nagpur Highway,Bus Stand Road,Mandi Road,Tahsil Road,Bawanthadi River Area,Civil Hospital Area
Bhogaon,Uttar Pradesh,Main Market,Station Road,GT Road Bhogaon,Mainpuri Road,Bus Stand Chauraha,Thana Road,Tehsil Complex
Bhopal,Madhya Pradesh,MP Nagar,Arera Colony,Hamidia Road,TT Nagar,Hoshangabad Road,New Market,Airport Road Bhopal
Bhubaneswar,Odisha,Nayapalli,Saheed Nagar,Jayadev Vihar,Cuttack Road,Master Canteen Chowk,Patia Infocity,Khandagiri
Bidar,Karnataka,Station Road Bidar,Shivaji Chowk,Gumpa Road,Naubad Industrial Area,Bidar Fort Road,Mailoor Cross,Udgir Road
Bihar sharif,Bihar,Ramchandrapur,Khandakpar,Ranchi Road,Kargil Chowk,Hospital Morh,Nalanda Colony,Station Road Bihar Sharif
Bijainagar,Rajasthan,Station Road Bijainagar,Mill Area,Ajmer-Bhilwara Highway,Sadar Bazaar,Bus Stand Area,Chawandiya Road,Krishi Mandi Area
Bijnor,Uttar Pradesh,Civil Lines Bijnor,Station Road,Kiratpur Road,Jhalu Road,Collectorate Office Area,Shakti Chowk,Bijnor Barrage Road
Bijrani Rewari,Haryana,Rewari Heritage Steam Shed Area,Model Town Rewari,Brass Market,Circular Road,Railway Station Road,Bawal Road,Dharuhera Road
Bikaner,Rajasthan,Kote Gate,Station Road Bikaner,Junagarh Fort Road,Lalgarh Junction,Rani Bazaar,Sadul Colony,Ganga Shahar
Bilara,Rajasthan,Main Market Bilara,Jodhpur Road,Sojat Road,Piparcity Road,Bus Depot Area,Civil Court Area,Bhavi Circle
Bilaspur,Chhattisgarh,Vyapar Vihar,Link Road Bilaspur,Old Bus Stand,Railway Station Area,Telipara,Rama Magneto Mall Road,Sirgitti Industrial Area
Bina,Madhya Pradesh,Station Road Bina,Khurai Road,Bina Refinery Area,Katra Bazaar,Main Market,Civil Hospital Road,Galla Mandi
Birshanagar,Jharkhand,Telco Colony Area,Baridih,Golmuri Road,Nildih,Birsanagar Sunday Market,Plaza Market,Tinplate Area
Bodhgaya,Bihar,Mahabodhi Temple Area,Kalachakra Maidan,Sujata Bypass Road,Main Monasteries Road,Bodhgaya Bus Stand,Riverbank Phalgu Road,Gaya-Bodhgaya Road
Bokajan,Assam,Station Road Bokajan,Cement Factory Colony,Assam-Nagaland Border Road,Daily Market,NH 39 Road,Hospital Road,Dimapur Link Road
Bongaigaon,Assam,Chapaguri Road,Station Road Bongaigaon,Mayapuri,New Bongaigaon Junction,Dhaligaon Refinery Area,Baganpara,Birjhora Road
Budaun,Uttar Pradesh,Civil Lines Budaun,Station Road,Indra Chowk,Laver Road,Kashiram Colony,Bareilly Highway,Ujhani Road
Bulandshahr,Uttar Pradesh,Civil Lines Bulandshahr,Kala Aam Chauraha,Delhi Road Bulandshahr,Station Road Bulandshahr,Anupshahr Road,Siyana Road Bulandshahr,Moti Bagh Bulandshahr
Buldhana,Maharashtra,Station Road Buldhana,Sunderkhed,Malkapur Road Buldhana,Chikhli Road Buldhana,Collectorate Office Area Buldhana,Civil Lines Buldhana,Bus Stand Square Buldhana
Burhanpur,Madhya Pradesh,Station Road Burhanpur,Shanwara Gate Burhanpur,Shikarpura Burhanpur,Lalbagh Road Burhanpur,Raver Road Burhanpur,Asirgarh Fort Road,Amravati Bypass Burhanpur
Buxar,Bihar,Station Road Buxar,Golambar Chowk Buxar,Charitravan Buxar,Ramrekha Ghat Area Buxar,Itarhi Road Buxar,Patna Highway Bypass Buxar,Buxar Fort Road
Calicut,Kerala,Mavoor Road Calicut,SM Street Calicut,Railway Station Road Calicut,Beach Road Calicut,Palayam Calicut,Mananchira Calicut,Nadakkavu Calicut
Chakdaha,West Bengal,Station Road Chakdaha,Chakdaha Bus Stand,NH 12 Bypass Chakdaha,Palpara More Chakdaha,Lalpur Chakdaha,Subhashnagar Chakdaha,Bangaon Road Chakdaha
Chakradharpur,Jharkhand,Railway Colony Chakradharpur,Chakradharpur Station Road,Bata More Chakradharpur,Pawan Chowk Chakradharpur,Ranchi-Chaibasa Highway,Purana Basti Chakradharpur,Hospital Road Chakradharpur
Chamba,Himachal Pradesh,Chamba Main Chowk,Chougan Ground Area Chamba,Khajjiar Road Chamba,Sultanpur Chamba,Pangi Road Chamba,Ravi Riverfront Chamba,Bus Stand Chamba
Chandauli,Uttar Pradesh,Station Road Chandauli,GT Road Chandauli,District Court Area Chandauli,Chandauli Majhwar Station Area,Mughalsarai Road Chandauli,Hospital Road Chandauli,Varanasi Bypass Chandauli
Chandausi,Uttar Pradesh,Station Road Chandausi,Subhash Chowk Chandausi,Moradabad Road Chandausi,Aligarh Road Chandausi,Bada Bazaar Chandausi,Railway Crossing Road Chandausi,Sambhal Gate Chandausi
Chandigarh,Chandigarh,Sector 17 Chandigarh,Sector 35 Chandigarh,Sector 22 Chandigarh,Industrial Area Phase 1 Chandigarh,Sector 43 Chandigarh,Sector 26 Chandigarh,Zirakpur Highway Chandigarh
Chandrapur,Maharashtra,Civil Lines Chandrapur,Ramnagar Chandrapur,Station Road Chandrapur,Mul Road Chandrapur,Tadoba Gate Road Chandrapur,MIDC Chandrapur,Gandhi Chowk Chandrapur
Chapra,Bihar,Municipality Chowk Chapra,Dak Bungalow Road Chapra,Station Road Chapra,Garkha Road Chapra,Dahiyawan Chapra,Salempur Chapra,Siwan Road Bypass Chapra
Charkhi-Dadri,Haryana,Delhi Road Charkhi Dadri,Loharu Road Charkhi Dadri,Railway Station Road Charkhi Dadri,Circular Road Charkhi Dadri,Old Bus Stand Charkhi Dadri,Roshan Pura Charkhi Dadri,Bhiwani Bypass Charkhi Dadri
Chausa,Bihar,Station Road Chausa,Battlefield Memorial Area Chausa,Buxar-Chausa Highway,Ganga Ghat Road Chausa,Main Market Chausa,Rampur Road Chausa,Thana Chowk Chausa
Chennai,Tamil Nadu,T. Nagar Chennai,Anna Salai Chennai,Guindy Chennai,Egmore Chennai,OMR IT Corridor Chennai,Mylapore Chennai,Chennai Central Station Area
Chhibramau,Uttar Pradesh,GT Road Chhibramau,Farrukhabad Road Chhibramau,Main Market Chhibramau,Hospital Chauraha Chhibramau,Bus Station Road Chhibramau,Saurikh Road Chhibramau,Gursahayganj Link Road
Chidambaram,Tamil Nadu,Annamalai Nagar Chidambaram,South Car Street Chidambaram,Nataraja Temple Complex Chidambaram,Bus Stand Chidambaram,Railway Station Road Chidambaram,East Car Street Chidambaram,Vandigate Chidambaram
Chikballapur,Karnataka,MG Road Chikballapur,Nandi Hills Road Chikballapur,Bangalore-Hyderabad Highway Chikballapur,BBM Road Chikballapur,Prashanth Nagar Chikballapur,Railway Station Road Chikballapur,KSRTC Bus Stand Chikballapur
Chikmagalur,Karnataka,MG Road Chikmagalur,Indira Gandhi Road Chikmagalur,Mullayanagiri Road Chikmagalur,Rathnagiri Road Chikmagalur,Kalyan Nagar Chikmagalur,Bus Stand Chikmagalur,KM Road Chikmagalur
Chimur,Maharashtra,Main Bazaar Chimur,Tadoba North Gate Road Chimur,Warora Road Chimur,Nagbhid Highway Chimur,Ganesh Chowk Chimur,Bus Station Road Chimur,MIDC Area Chimur
Chirala,Andhra Pradesh,RTC Bus Stand Chirala,Station Road Chirala,Vodarevu Beach Road Chirala,Perupalem Road Chirala,Kothapeta Chirala,Guntur Road Chirala,Carpet Market Road Chirala
Chitradurga,Karnataka,Station Road Chitradurga,Chitradurga Fort Road,Holalkere Road Chitradurga,BD Road Chitradurga,NH 48 Bypass Chitradurga,KSRTC Bus Depot Area Chitradurga,Kelagote Chitradurga
Chittoor,Andhra Pradesh,MSRTC Bus Stand Chittoor,Station Road Chittoor,Kongareddy Palli Chittoor,Murakambattu Bypass Chittoor,Kanipakam Road Chittoor,Greamspet Chittoor,Bengaluru Highway Chittoor
Chopan,Uttar Pradesh,Station Road Chopan,Sone Riverfront Chopan,Obra Road Chopan,Renukoot Highway Chopan,Main Market Chopan,Panchayat Bhawan Area Chopan,Dala Bypass Chopan
Coimbatore,Tamil Nadu,Gandhipuram Coimbatore,RS Puram Coimbatore,Avinashi Road Coimbatore,Peelamedu Airport Area Coimbatore,Race Course Coimbatore,Saravanampatti Coimbatore,Town Hall Coimbatore
Coorg,Karnataka,Madikeri Town Centre Coorg,Raja Seat Area Coorg,Kushalnagar Coorg,Gonikoppal Coorg,Mangalore Road Coorg,Mysore Highway Coorg,Suntikoppa Coorg
Corbett-Ramnagar,Uttarakhand,Dhikala Gate Area Corbett,Ramnagar Railway Station Road,Mohaan Road Corbett,Ranikhet Road Ramnagar,Bijrani Gate Area Corbett,Kosi Riverfront Corbett,Jhirna Road Corbett
Courtallam,Tamil Nadu,Main Falls Area Courtallam,Five Falls Road Courtallam,Old Falls Area Courtallam,Tenkasi-Courtallam Road,Bus Stand Courtallam,Shenkottai Road Courtallam,Ambasa Samudram Road Courtallam
Cuttack,Odisha,Badambadi Cuttack,Link Road Cuttack,Mangalabag Cuttack,College Square Cuttack,Station Road Cuttack,CDA Sector 9 Cuttack,Madhupatna Cuttack
Daltonganj,Jharkhand,Main Road Daltonganj,Railway Station Road Daltonganj,Court Road Daltonganj,Redma Daltonganj,Hospital Chowk Daltonganj,Bata Chowk Daltonganj,Shahpur Area Daltonganj
Dantewada,Chhattisgarh,Bus Stand Dantewada,Danteshwari Temple Complex Dantewada,Jagdalpur Road Dantewada,Kirandul Road Dantewada,Hospital Road Dantewada,Gidam Road Dantewada,Collectorate Area Dantewada
Dapoli,Maharashtra,Karde Beach Road Dapoli,Ladol Beach Road Dapoli,Murud Beach Dapoli,Dapoli Camp Area,Kelshi Road Dapoli,Anjarle Road Dapoli,ST Depot Dapoli
Darbhanga,Bihar,Laheriasarai Darbhanga,Tower Chowk Darbhanga,Station Road Darbhanga,Donar Chowk Darbhanga,Darbhanga Airport Area,Benta Chowk Darbhanga,Allalpatti Darbhanga
Darjeeling,West Bengal,Mall Road Darjeeling,Chowrasta Darjeeling,Gandhi Road Darjeeling,Lebong Cart Road Darjeeling,HD Lama Road Darjeeling,Laden La Road Darjeeling,Ghoom Station Area Darjeeling
Dechu,Rajasthan,Jodhpur-Jaisalmer Highway Dechu,Main Market Dechu,Desert Safari Camp Road Dechu,Pokhran Road Dechu,Osian Link Road Dechu,Bus Stand Chowk Dechu,Village Square Dechu
Dehradun,Uttarakhand,Rajpur Road Dehradun,Paltan Bazaar Dehradun,Clock Tower Dehradun,ISBT Dehradun,Haridwar Road Dehradun,Jakhan Dehradun,Jolly Grant Airport Road Dehradun
Delhi,Delhi,Connaught Place Delhi,Karol Bagh Delhi,Paharganj Delhi,Aerocity Indira Gandhi Airport Delhi,South Extension Delhi,Saket Delhi,Chandni Chowk Delhi
Delhi Transit,Delhi,Aerocity Terminal 3 Delhi,Mahipalpur Extension Delhi,NH 48 Airport Corridor Delhi,Dwarka Sector 21 Transit Delhi,Dhaula Kuan Transit Delhi,Kashmere Gate ISBT Delhi,New Delhi Station Transit Delhi
Deogarh,Odisha,Main Market Deogarh,Station Road Deogarh,NH 49 Bypass Deogarh,Pradhanpat Falls Road Deogarh,Purunagarh Deogarh,Court Road Deogarh,Gohira Dam Road Deogarh
Deoghar,Jharkhand,Tower Chowk Deoghar,Baidyanath Temple Complex Deoghar,Castairs Town Deoghar,Jasidih Junction Area Deoghar,Bilasipara Road Deoghar,Shivganga Ghat Deoghar,Deoghar Airport Road
Dergaon,Assam,NH 37 Dergaon,Police Training Centre Area Dergaon,Main Market Dergaon,Golaghat Road Dergaon,Borbam Road Dergaon,Bus Stand Dergaon,College Road Dergaon
Dewas,Madhya Pradesh,AB Road Dewas,Civil Lines Dewas,Chamunda Hill Road Dewas,Station Road Dewas,Bhopal Road Dewas,Industrial Area Dewas,Ujjain Road Dewas
Dhanaulti,Uttarakhand,Mussoorie-Chamba Highway Dhanaulti,Eco Park Road Dhanaulti,Dhanaulti Camp Zone,Surkanda Devi Base Dhanaulti,Kanatal Link Road Dhanaulti,Suwakholi Road Dhanaulti,Main Market Dhanaulti
Dhanbad,Jharkhand,Bank More Dhanbad,Station Road Dhanbad,Saraidhela Dhanbad,Hirapur Dhanbad,Govindpur Bypass Dhanbad,Bartand Bus Stand Dhanbad,Dhaiya Dhanbad
Dhaneli,Chhattisgarh,Raipur-Dhaneli Industrial Belt,NH 30 Road Dhaneli,Industrial Area Phase 2 Dhaneli,Main Market Dhaneli,Ring Road 3 Raipur Link Dhaneli,Mandir Hasaud Road Dhaneli,Abhanpur Road Dhaneli
Dhar,Madhya Pradesh,Trimurti Nagar Dhar,Station Road Dhar,Mandu Road Dhar,Indore-Ahmedabad Highway Dhar,Dhar Fort Area,Ghora Chowpatty Dhar,Bhojshala Complex Dhar
Dharmanagar,Tripura,Station Road Dharmanagar,College Road Dharmanagar,Nayapara Dharmanagar,Baruakhani Dharmanagar,ISBT Dharmanagar,Rajbari Road Dharmanagar,Agartala Highway Dharmanagar
Dhubri,Assam,Station Road Dhubri,Boro Bazaar Dhubri,Brahmaputra Riverfront Dhubri,College Road Dhubri,GTB Road Dhubri,Gauripur Road Dhubri,Halakura Road Dhubri
Dhule,Maharashtra,Agra Road Dhule,Railway Station Road Dhule,Devpur Dhule,Old Agra Road Dhule,Mohadi MIDC Dhule,Parola Road Dhule,Chhatrapati Shivaji Chowk Dhule
Digha,West Bengal,New Digha Beach Road,Old Digha Sea Beach,Barrister Colony Digha,Digha Railway Station Area,Helipad Ground Digha,Foreshore Road Digha,Amravati Park Road Digha
Dimapur,Nagaland,Hong Kong Market Area Dimapur,Circular Road Dimapur,Railway Station Road Dimapur,Purana Bazaar Dimapur,Chumukedima Dimapur,Dimapur Airport Road,Walford Road Dimapur
Dinara,Bihar,GT Road Dinara,Bikramganj Road Dinara,Main Bazaar Dinara,Thana Chowk Dinara,Bus Stand Area Dinara,Sasaram Link Road Dinara,Koilwar Canal Road Dinara
Dindigul,Tamil Nadu,Palani Road Dindigul,Collectorate Complex Dindigul,Railway Station Road Dindigul,Round Road Dindigul,Main Bus Stand Dindigul,Nagal Nagar Dindigul,Trichy Road Dindigul
Diu,Dadra and Nagar Haveli and Daman and Diu,Nagoa Beach Road Diu,Ghoghla Beach Diu,Diu Fort Area,Bunder Chowk Diu,Jalandhar Beach Road Diu,Main Town Market Diu,Airport Area Diu
Doddaballapura,Karnataka,Doddaballapura Town,Industrial Area Phase 1 Doddaballapura,Yelahanka-Doddaballapura Road,Railway Station Road Doddaballapura,Tubagere Road Doddaballapura,Gowribidanur Highway Doddaballapura,DC Office Road Doddaballapura
Dumka,Jharkhand,Court Road Dumka,Tin Bazar Dumka,Station Road Dumka,Ranchi Highway Dumka,Deoghar Road Dumka,Dudhani Dumka,Kurwa Park Road Dumka
Dungarpur,Rajasthan,Sardar Patel Chowk Dungarpur,Old Bus Stand Dungarpur,Udaipur-Ahmedabad Road Dungarpur,Gep Sagar Lake Area Dungarpur,Station Road Dungarpur,Shivaji Nagar Dungarpur,Aspur Road Dungarpur
Durgapur,West Bengal,City Centre Durgapur,Benachity Durgapur,Station Road Durgapur,Bidhannagar Durgapur,Muchipara Durgapur,Durgapur Steel Township,GT Road Bypass Durgapur
Eluru,Andhra Pradesh,Ramachandrarao Peta Eluru,Powerpet Railway Station Road Eluru,RR Pet Eluru,Sanivarapupeta Eluru,Old Bus Stand Eluru,Ashok Nagar Eluru,Bypass Road Eluru
Ernakulam,Kerala,MG Road Kochi,Marine Drive Kochi,Ernakulam South Railway Station,Kaloor Kochi,Edappally Lulu Mall Area Kochi,Palarivattom Kochi,Ernakulam North Station
Erode,Tamil Nadu,Collectorate Road Erode,Railway Station Road Erode,Perundurai Road Erode,Brough Road Erode,Mettur Road Erode,Surampatti Erode,PS Park Market Erode
Erragondapalem,Andhra Pradesh,Main Bazaar Erragondapalem,Srisailam Highway Erragondapalem,Bus Stand Road Erragondapalem,Markapur Link Road Erragondapalem,Tripurantakam Road Erragondapalem,Guntur Road Erragondapalem,Pullalacheruvu Road Erragondapalem
Etah,Uttar Pradesh,GT Road Etah,Station Road Etah,Shitala Mata Mandir Road Etah,Civil Lines Etah,Kashiram Colony Etah,Nidhauli Road Etah,Kasganj Road Etah
Etawah,Uttar Pradesh,Civil Lines Etawah,Railway Station Road Etawah,Shastri Chauraha Etawah,National Highway 19 Bypass Etawah,Pakka Bagh Etawah,Saifai Road Etawah,Gwalior Road Etawah
Faridabad,Haryana,Neelam Bata Road NIT Faridabad,Sector 15 Faridabad,Mathura Road Badarpur Corridor Faridabad,Sector 21C Faridabad,Surajkund Area Faridabad,Bata Chowk Metro Area Faridabad,Old Faridabad Station Road
Faridpur,Uttar Pradesh,Station Road Faridpur,Bareilly-Shahjahanpur Highway Faridpur,Main Market Faridpur,Tehsil Chauraha Faridpur,Civil Hospital Road Faridpur,Budaun Road Faridpur,Pitambarpur Railway Area Faridpur
Farrukhabad,Uttar Pradesh,Fatehgarh Cantonment Road Farrukhabad,Railway Station Road Farrukhabad,Lohia Hospital Road Farrukhabad,Khatrana Tola Farrukhabad,Bypass Road Farrukhabad,Chowk Bazaar Farrukhabad,Barhpur Farrukhabad
Fatehpur,Uttar Pradesh,GT Road Fatehpur,Civil Lines Fatehpur,Station Road Fatehpur,Radha Nagar Fatehpur,Collectorate Compound Fatehpur,Banda Road Fatehpur,Husainganj Road Fatehpur
Fazilka,Punjab,Fazilka Malout Road,Clock Tower Fazilka,Railway Station Road Fazilka,Sadar Bazaar Fazilka,Ferozepur Road Fazilka,Radha Swami Colony Fazilka,Asafwala War Memorial Road Fazilka
Firozabad,Uttar Pradesh,Station Road Firozabad,Suhag Nagar Firozabad,Raja Ka Taal Bypass Firozabad,Kotla Road Firozabad,Jain Mandir Road Firozabad,Agra-Firozabad Highway Firozabad,Asafabad Firozabad
Gadag,Karnataka,Station Road Gadag,Betgeri Gadag,Pala Badami Road Gadag,Mulagund Road Gadag,Hubli-Gadag Highway Gadag,Kalyan Nagar Gadag,Old Bus Stand Gadag
Gadchandur,Maharashtra,Cement Nagar Road Gadchandur,Chandrapur Highway Gadchandur,Main Market Gadchandur,Bus Station Area Gadchandur,Manikgarh Fort Road Gadchandur,Ambuja Colony Road Gadchandur,Awarpur Link Road Gadchandur
Gandhinagar,Gujarat,Sector 21 Gandhinagar,Sector 11 Infocity Gandhinagar,Kudasan Gandhinagar,Bhaijipura Gandhinagar,Gift City Corridor Gandhinagar,Sector 8 Gandhinagar,Sargasan Gandhinagar
Ganpatipule,Maharashtra,Ganpatipule Beach Road,Temple Complex Ganpatipule,Bhandarpule Beach Road Ganpatipule,Pradakshina Marg Ganpatipule,Aare Ware Marine Drive Ganpatipule,Malgund Road Ganpatipule,MTDC Resort Area Ganpatipule
Gaya,Bihar,Station Road Gaya,Civil Lines Gaya,AP Colony Gaya,Bodhgaya Road Corridor Gaya,Vishnupad Temple Area Gaya,Rampur Gaya,Tekari Road Gaya
Ghatsila,Jharkhand,Main Road Ghatsila,Station Road Ghatsila,Dhalbhumgarh Road Ghatsila,Subarnarekha Riverfront Ghatsila,Mouhanda Ghatsila,Dahigora Ghatsila,Kashida Ghatsila
Ghaziabad,Uttar Pradesh,RDC Raj Nagar Ghaziabad,Kaushambi Ghaziabad,Vaishali Ghaziabad,Indirapuram Ghaziabad,Crossings Republik Ghaziabad,Vasundhara Ghaziabad,Old Bus Stand GT Road Ghaziabad
Gidderbaha,Punjab,Circular Road Gidderbaha,Malout Road Gidderbaha,Railway Station Road Gidderbaha,Bathinda Highway Gidderbaha,Main Bazaar Gidderbaha,Mandi Area Gidderbaha,Civil Hospital Road Gidderbaha
Gir,Gujarat,Sasan Gir Safari Gate,Bhalchel Gir Road,Hiran River Valley Gir,Mendarda Road Gir,Bhojde Gir,Talala Road Gir,Sasan Gir Railway Station
Goa,Goa,Calangute Beach Area Goa,Candolim Road Goa,Baga Beach Area Goa,Panaji City Centre Goa,Anjuna Beach Road Goa,Colva Beach Salcete Goa,Vasco da Gama Port Area Goa
Godhra,Gujarat,Station Road Godhra,Civil Lines Godhra,Vavdi Road Godhra,Lalbaug Godhra,Vadodara Highway Bypass Godhra,Bhamaiya Industrial Area Godhra,Bamroli Road Godhra
Gohpur,Assam,NH 15 Gohpur,Main Market Gohpur,Railway Station Road Gohpur,Gohpur Bus Stand,Chatial Road Gohpur,Dafala Road Gohpur,Brahmaputra River Road Gohpur
Gola Gokarannath,Uttar Pradesh,Main Market Gola,Lakhimpur Road Gola,Shiv Temple Complex Gola,Station Road Gola,Aliganj Road Gola,Bus Stand Area Gola,Mill Road Gola
Golaghat,Assam,Circuit House Road Golaghat,Main Market Golaghat,Station Road Golaghat,Bokakhat Road Golaghat,Dhodar Ali Road Golaghat,Arengapara Golaghat,B Baruah Road Golaghat
Gonda,Uttar Pradesh,Civil Lines Gonda,Station Road Gonda,Pant Nagar Gonda,Lucknow Road Gonda,Balrampur Highway Gonda,Bishunpur Gonda,Faizabad Road Gonda
Gondal,Gujarat,Station Road Gondal,Naulakha Palace Road Gondal,Gundala Road Gondal,National Highway 27 Gondal,Kailash Baug Gondal,College Chowk Gondal,Udyognagar Gondal
Gondia,Maharashtra,Civil Lines Gondia,Station Road Gondia,Rail Toly Gondia,Kudwa Naka Gondia,Balaghat Road Gondia,Tirora Road Gondia,Ramnagar Gondia
Gopalganj,Bihar,Thana Chowk Gopalganj,Station Road Gopalganj,Banjari Morh Gopalganj,NH 27 Highway Bypass Gopalganj,Hospital Road Gopalganj,Hathwa Road Gopalganj,Jadopur Road Gopalganj
Gorakhpur,Uttar Pradesh,Golghar Gorakhpur,Station Road Gorakhpur,Mohaddipur Gorakhpur,Civil Lines Gorakhpur,Taramandal Gorakhpur,Medical College Road Gorakhpur,Gorakhnath Temple Area Gorakhpur
Gorhe Khurd,Maharashtra,Pune-Panshet Road Gorhe Khurd,Khadakwasla Dam Basin,Sinhagad Foothills Road Gorhe Khurd,Khanapur Road Gorhe Khurd,Donje Point Gorhe Khurd,Girivan Scenic Belt,Panshet Boating Zone
Goshainganj,Uttar Pradesh,Faizabad-Sultanpur Road Goshainganj,Goshainganj Market,Station Road Goshainganj,Mahuwaree Road Goshainganj,Tehsil Complex Goshainganj,Bypass Chauraha Goshainganj,Akbarpur Link Road Goshainganj
Govardhan,Uttar Pradesh,Parikrama Marg Govardhan,Radha Kund Road Govardhan,Mathura-Govardhan Road Govardhan,Dan Ghati Temple Area Govardhan,Barsana Road Govardhan,Bus Stand Govardhan,Deeg Bypass Govardhan
Gulbarga,Karnataka,Station Road Gulbarga,Sedam Road Gulbarga,Super Market Gulbarga,MSK Mill Road Gulbarga,High Court Area Gulbarga,Afzalpur Road Gulbarga,Kalaburagi Ring Road Gulbarga
Gulmarg,Jammu and Kashmir,Gondola Point Gulmarg,Golf Course Road Gulmarg,Main Market Gulmarg,Tangmarg Base Road Gulmarg,Khilanmarg Trek Base Gulmarg,Club Park Road Gulmarg,Highlands Park Area Gulmarg
Guntur,Andhra Pradesh,Arundelpet Guntur,Brodipet Guntur,Station Road Guntur,Lakshmipuram Guntur,Old Bus Stand Guntur,Autonagar Guntur,Amaravati Road Guntur
Gurdaspur,Punjab,Railway Station Road Gurdaspur,Tibri Road Gurdaspur,Batala Road Gurdaspur,Jail Road Gurdaspur,Civil Lines Gurdaspur,Pathankot Bypass Gurdaspur,Kahnuwan Road Gurdaspur
Gurez,Jammu and Kashmir,Dawar Town Gurez,Habba Khatoon Peak Base Gurez,Kishan Ganga Riverfront Gurez,Bandipora-Gurez Highway Gurez,Markoot Village Road Gurez,Badwan Gurez,Tulail Valley Road Gurez
Gurgaon,Haryana,Cyber City DLF Phase 2 Gurgaon,Sector 29 Gurgaon,Golf Course Road Gurgaon,Sohna Road Gurgaon,MG Road Gurgaon Metro,Udyog Vihar Gurgaon,Huda City Centre Sector 44 Gurgaon
Gursarai,Uttar Pradesh,Station Road Gursarai,Main Market Gursarai,Mauranipur Road Gursarai,Erich Road Gursarai,Garautha Highway Gursarai,Civil Hospital Road Gursarai,Bypass Tiraha Gursarai
Guwahati,Assam,Paltan Bazaar Guwahati,GS Road Guwahati,Pan Bazaar,Dispur Capital Complex,Ganeshguri,Guwahati North / Industrial Area,Guwahati South / Airport Road
Gwalior,Madhya Pradesh,City Centre Gwalior,Lashkar Gwalior,Railway Station Road Gwalior,Morar Gwalior,Padav Gwalior,Gwalior North / Industrial Area,Gwalior South / Airport Road
Hajipur,Bihar,Station Road Hajipur,Anjanpir Chowk,Dak Bungalow Road Hajipur,Paswan Chowk,Gandhi Chowk Hajipur,Hajipur North / Industrial Area,Hajipur South / Airport Road
Haldwani,Uttarakhand,Nainital Road Haldwani,Railway Station Road Haldwani,Tikonia Chauraha,Kaladhungi Road,Kathgodam Railway Station Area,Haldwani North / Industrial Area,Haldwani South / Airport Road
Hansi,Haryana,GT Road Hansi,Barwala Road Hansi,Railway Station Road Hansi,Main Bazaar Hansi,Tosham Road,Hansi North / Industrial Area,Hansi South / Airport Road
Hanumangarh,Rajasthan,Hanumangarh Junction,Hanumangarh Town,Sangaria Road,Railway Station Road,Sector 12 Hanumangarh,Hanumangarh North / Industrial Area,Hanumangarh South / Airport Road
HAPUR 1,Uttar Pradesh,Railway Station Road Hapur,Delhi Road Hapur,Meerut Road Hapur,Garh Road Hapur,Freeganj Road,HAPUR 1 North / Industrial Area,HAPUR 1 South / Airport Road
Harda,Madhya Pradesh,Station Road Harda,Indore-Bhopal Highway Harda,Ghantaghar Chowk,Khandwa Road Harda,Bus Stand Harda,Harda North / Industrial Area,Harda South / Airport Road
Hardoi,Uttar Pradesh,Cinema Chauraha Hardoi,Station Road Hardoi,Civil Lines Hardoi,Lucknow Road Hardoi,Shahjahanpur Road Hardoi,Hardoi North / Industrial Area,Hardoi South / Airport Road
Haridwar,Uttarakhand,Har Ki Pauri Area,Railway Station Road Haridwar,Bhopatwala,Ranipur More,Shivalik Nagar SIDCUL,Haridwar North / Industrial Area,Haridwar South / Airport Road
Hata,Uttar Pradesh,Main Market Hata,Gorakhpur-Kushinagar Highway,Kasya Road Hata,Bus Stand Hata,Tehsil Chauraha Hata,Hata North / Industrial Area,Hata South / Airport Road
Hathras,Uttar Pradesh,Station Road Hathras,Aligarh Road Hathras,Agra Road Hathras,Sasni Gate,Mathura Road Hathras,Hathras North / Industrial Area,Hathras South / Airport Road
Havelock,Andaman and Nicobar Islands,Govind Nagar Beach 3,Vijay Nagar Beach 5,Radhanagar Beach 7,Havelock Jetty Area,Kalapathar Beach Road,Havelock North / Industrial Area,Havelock South / Airport Road
Haveri,Karnataka,Station Road Haveri,PB Road Haveri,Bus Stand Haveri,Ashok Nagar Haveri,Hangal Road Haveri,Haveri North / Industrial Area,Haveri South / Airport Road
Hazaribagh,Jharkhand,Main Road Hazaribagh,Kallu Chowk,Matwari,Canary Hill Road,Indrapuri Chowk,Hazaribagh North / Industrial Area,Hazaribagh South / Airport Road
Hisar,Haryana,Delhi Road Hisar,Railway Station Road Hisar,Model Town Hisar,Urban Estate 2 Hisar,Tosham Road Hisar,Hisar North / Industrial Area,Hisar South / Airport Road
hooghly,West Bengal,GT Road Hooghly,Chinsurah Station Road,Bandel Church Area,Pipulpati,Serampore Court Road,hooghly North / Industrial Area,hooghly South / Airport Road
Hoshangabad,Madhya Pradesh,Narmadapuram Road,Sethani Ghat Area,Railway Station Road Hoshangabad,Itarsi Road Corridor,Bhopal Highway Bypass,Hoshangabad North / Industrial Area,Hoshangabad South / Airport Road
Hubli-Dharwad,Karnataka,Gokul Road Hubli,Vidyanagar Hubli,Railway Station Road Hubli,CBT Central Bus Stand,Koppikar Road,Hubli-Dharwad North / Industrial Area,Hubli-Dharwad South / Airport Road
Huzurabad,Telangana,Main Road Huzurabad,Bus Stand Huzurabad,Karimnagar-Warangal Highway,Gandhi Chowk Huzurabad,Civil Hospital Road,Huzurabad North / Industrial Area,Huzurabad South / Airport Road
Hyderabad,Telangana,Hitec City Madhapur,Gachibowli,Banjara Hills,Jubilee Hills,Secunderabad Station Area,Hyderabad North / Industrial Area,Hyderabad South / Airport Road
Ibrahimpatnam,Telangana,Nagarjuna Sagar Road,Bongloor ORR Junction,Main Market Ibrahimpatnam,Gurunanak College Road,Mangalpalli Road,Ibrahimpatnam North / Industrial Area,Ibrahimpatnam South / Airport Road
Igatpuri,Maharashtra,Igatpuri Railway Station Area,Old Agra Road Igatpuri,Mumbai-Nashik Expressway Igatpuri,Bhavali Dam Road,Vipassana Meditation Centre Area,Igatpuri North / Industrial Area,Igatpuri South / Airport Road
Imamganj,Bihar,Main Market Imamganj,Sherghati Road Imamganj,Dumaria Road,Bus Stand Imamganj,Thana Chowk Imamganj,Imamganj North / Industrial Area,Imamganj South / Airport Road
Imphal,Manipur,Thangal Bazaar,Paona Bazaar,Kangla Fort Area,Imphal Airport Road,North AOC,Imphal North / Industrial Area,Imphal South / Airport Road
Indore,Madhya Pradesh,Vijay Nagar Indore,Palasia,MG Road Indore,Chhotigwaltoli Station Area,AB Road Bypass,Indore North / Industrial Area,Indore South / Airport Road
Itanagar,Arunachal Pradesh,Ganga Market Itanagar,Bank Tinali,0 Point Tinali,Naharlagun Station Area,Chimpu Road,Itanagar North / Industrial Area,Itanagar South / Airport Road
Jabalpur,Madhya Pradesh,Civil Lines Jabalpur,Napier Town,Wright Town,Railway Station Road Jabalpur,Bhedaghat Marble Rocks Area,Jabalpur North / Industrial Area,Jabalpur South / Airport Road
Jaipur,Rajasthan,MI Road Jaipur,C Scheme,Bani Park,Tonk Road Jaipur,Malviya Nagar Jaipur,Jaipur North / Industrial Area,Jaipur South / Airport Road
Jaisalmer,Rajasthan,Jaisalmer Fort Area,Sam Sand Dunes Desert Camp Zone,Hanuman Circle,Station Road Jaisalmer,Gadisar Lake Area,Jaisalmer North / Industrial Area,Jaisalmer South / Airport Road
Jalandhar,Punjab,Model Town Jalandhar,GT Road Jalandhar,BMC Chowk,Civil Lines Jalandhar,Railway Station Road Jalandhar,Jalandhar North / Industrial Area,Jalandhar South / Airport Road
Jalgaon,Maharashtra,Station Road Jalgaon,Court Road Jalgaon,MIDC Jalgaon,Ajanta Caves Road Link,Navi Peth Jalgaon,Jalgaon North / Industrial Area,Jalgaon South / Airport Road
Jalpaiguri,West Bengal,Station Road Jalpaiguri,Kadamtala Jalpaiguri,Babupara Jalpaiguri,DBC Road Jalpaiguri,Jalpaiguri Town Station Area,Jalpaiguri North / Industrial Area,Jalpaiguri South / Airport Road
Jammu,Jammu and Kashmir,Residency Road Jammu,Raghunath Bazaar,Railway Station Road Jammu,Gandhi Nagar Jammu,Jewel Chowk,Jammu North / Industrial Area,Jammu South / Airport Road
Jamnagar,Gujarat,Indira Marg Jamnagar,Bedeshwar GIDC,Station Road Jamnagar,Lakhota Lake Area,Digjam Circle,Jamnagar North / Industrial Area,Jamnagar South / Airport Road
Jamshedpur,Jharkhand,Bistupur Jamshedpur,Sakchi Jamshedpur,Tatanagar Railway Station Road,Sonari Airport Area,Kadma Jamshedpur,Jamshedpur North / Industrial Area,Jamshedpur South / Airport Road
Jath,Maharashtra,Station Road Jath,Main Bazaar Jath,Sangli-Bijapur Highway,ST Bus Stand Jath,Walekhildi Road,Jath North / Industrial Area,Jath South / Airport Road
Jaunpur,Uttar Pradesh,Olandganj Jaunpur,Line Bazar Jaunpur,Station Road Jaunpur Junction,Civil Lines Jaunpur,Shahi Bridge Area,Jaunpur North / Industrial Area,Jaunpur South / Airport Road
Jhajjar,Haryana,Circular Road Jhajjar,Railway Station Road Jhajjar,Delhi Road Jhajjar,Main Market Jhajjar,Rewari Road Jhajjar,Jhajjar North / Industrial Area,Jhajjar South / Airport Road
Jhalawar,Rajasthan,Kotwali Road Jhalawar,Mama Bhanja Chauraha,Jhalrapatan Heritage Area,Station Road Jhalawar,NH 52 Kota Highway,Jhalawar North / Industrial Area,Jhalawar South / Airport Road
Jhansi,Uttar Pradesh,Sadar Bazaar Jhansi,Civil Lines Jhansi,Railway Station Road Jhansi,Jhansi Fort Area,Elite Chauraha,Jhansi North / Industrial Area,Jhansi South / Airport Road
Jharsuguda,Odisha,Station Road Jharsuguda,Sarbahal Jharsuguda,Vedanta Township Road,Bypass Chowk Jharsuguda,Jharsuguda Airport Road,Jharsuguda North / Industrial Area,Jharsuguda South / Airport Road
Jind,Haryana,Safidon Road Jind,Railway Station Road Jind,Urban Estate Jind,Rohtak Road Jind,Patiala Chowk Jind,Jind North / Industrial Area,Jind South / Airport Road
Jodhpur,Rajasthan,Ratanada Jodhpur,Paota Jodhpur,Sardarpura Jodhpur,Railway Station Road Jodhpur,Umaid Bhawan Palace Road,Jodhpur North / Industrial Area,Jodhpur South / Airport Road
Jorhat,Assam,AT Road Jorhat,Gar-Ali Commercial Area,Station Road Jorhat,Rowriah Airport Road,Club Road Jorhat,Jorhat North / Industrial Area,Jorhat South / Airport Road
Joshimath,Uttarakhand,Joshimath Main Bazaar,Auli Ropeway Point,Badrinath Highway Joshimath,Narsingh Temple Area,Marwari Joshimath,Joshimath North / Industrial Area,Joshimath South / Airport Road
Junagadh,Gujarat,Kalwa Chowk Junagadh,Station Road Junagadh,Girnar Taleti Base Road,Zanzarda Road Junagadh,Moti Baug Junagadh,Junagadh North / Industrial Area,Junagadh South / Airport Road
Kadapa,Andhra Pradesh,Seven Wells Road Kadapa,RTC Bus Stand Kadapa,Station Road Kadapa,Nagarajupalle,Yerramukkapalli,Kadapa North / Industrial Area,Kadapa South / Airport Road
Kakdwip,West Bengal,Kakdwip Railway Station Road,Kakdwip Bus Stand,Kakdwip Lot 8 Jetty Ghat,Diamond Harbour Highway,Hospital Morh Kakdwip,Kakdwip North / Industrial Area,Kakdwip South / Airport Road
Kakinada,Andhra Pradesh,Suryaraopeta Kakinada,Bhanugudi Junction,Main Road Kakinada,Kakinada Port Area,Cinema Road Kakinada,Kakinada North / Industrial Area,Kakinada South / Airport Road
Kalimpong,West Bengal,The Mall Kalimpong,Damber Chowk,Rishi Road Kalimpong,Deolo Hill Road,Motor Stand Kalimpong,Kalimpong North / Industrial Area,Kalimpong South / Airport Road
Kallakurichi,Tamil Nadu,Salem Main Road Kallakurichi,Gandhi Road Kallakurichi,Kachirayapalayam Road,Bus Stand Kallakurichi,Sankarapuram Road,Kallakurichi North / Industrial Area,Kallakurichi South / Airport Road
Kamareddy,Telangana,Station Road Kamareddy,Nizamabad-Hyderabad Highway,Ashok Nagar Kamareddy,Old Bus Stand Kamareddy,Sircilla Road Kamareddy,Kamareddy North / Industrial Area,Kamareddy South / Airport Road
Kangra,Himachal Pradesh,Kangra Fort Area,Kangra Temple Road,Dharamsala Road Kangra,Bus Stand Kangra,Gaggal Airport Road Kangra,Kangra North / Industrial Area,Kangra South / Airport Road
Kannur,Kerala,Thavakkara Kannur,Station Road Kannur,Payyambalam Beach Road,Fort Road Kannur,Talap Kannur,Kannur North / Industrial Area,Kannur South / Airport Road
Kanpur,Uttar Pradesh,The Mall Kanpur,Civil Lines Kanpur,Kanpur Central Station Area,Swaroop Nagar Kanpur,Gumti No 5,Kanpur North / Industrial Area,Kanpur South / Airport Road
Kanyakumari,Tamil Nadu,Sunrise View Point Area,Beach Road Kanyakumari,Kovalam Road Kanyakumari,Vivekananda Rock Jetty Area,Railway Station Road Kanyakumari,Kanyakumari North / Industrial Area,Kanyakumari South / Airport Road
Karaikudi,Tamil Nadu,Sekkalai Road Karaikudi,Chettinad Heritage Belt,Station Road Karaikudi,New Bus Stand Karaikudi,College Road Karaikudi,Karaikudi North / Industrial Area,Karaikudi South / Airport Road
Karanja (Ghadge),Maharashtra,Main Market Karanja Ghadge,Nagpur-Amravati Highway,Bus Station Karanja Ghadge,Tahsil Office Road,Civil Hospital Karanja,Karanja (Ghadge) North / Industrial Area,Karanja (Ghadge) South / Airport Road
Karauli,Rajasthan,Madan Mohanji Temple Area,Gulab Bagh Karauli,Collectorate Circle Karauli,Station Road Hindaun Link,Gangapur City Highway,Karauli North / Industrial Area,Karauli South / Airport Road
Kargil,Ladakh,Main Bazaar Kargil,Baroo Kargil,Suru Riverfront Road,Biamathang Kargil,Srinagar-Leh Highway Kargil,Kargil North / Industrial Area,Kargil South / Airport Road
Karimnagar,Telangana,Collectorate Road Karimnagar,Tower Circle Karimnagar,Mukarrampura Karimnagar,RTC Bus Stand Karimnagar,Kashmirgadda,Karimnagar North / Industrial Area,Karimnagar South / Airport Road
Karjat,Maharashtra,Karjat Railway Station Area,ND Studio Road Karjat,Charak Shala Karjat,Matheran Foothills Road,Shendi Karjat,Karjat North / Industrial Area,Karjat South / Airport Road
Karnal,Haryana,Kunjpura Road Karnal,Model Town Karnal,Railway Station Road Karnal,Sector 12 Urban Estate Karnal,GT Karnal Road,Karnal North / Industrial Area,Karnal South / Airport Road
Karur,Tamil Nadu,Kovai Road Karur,Railway Station Road Karur,Bus Stand Karur,Jawahar Bazaar Karur,Gandhigramam Karur,Karur North / Industrial Area,Karur South / Airport Road
Kasargod,Kerala,MG Road Kasargod,Railway Station Road Kasargod,Bekal Fort Coastal Belt,Old Bus Stand Kasargod,Vidyanagar Kasargod,Kasargod North / Industrial Area,Kasargod South / Airport Road
Kasauli,Himachal Pradesh,The Mall Road Kasauli,Gilbert Nature Trail Area,Heritage Market Kasauli,Lower Mall Kasauli,Garkhal Chowk Kasauli,Kasauli North / Industrial Area,Kasauli South / Airport Road
Kasdol,Chhattisgarh,Main Market Kasdol,Baloda Bazar Road Kasdol,Shivrinarayan Highway Kasdol,Bus Stand Kasdol,Tehsil Office Kasdol,Kasdol North / Industrial Area,Kasdol South / Airport Road
Kasganj,Uttar Pradesh,Station Road Kasganj,Biligram Gate Kasganj,Bareilly-Mathura Highway Kasganj,Gandhi Murti Chauraha Kasganj,Nadarai Gate Kasganj,Kasganj North / Industrial Area,Kasganj South / Airport Road
Kashinagar,Odisha,Main Bazaar Kashinagar,Paralakhemundi Highway,Vansadhara Riverfront,Bus Stand Kashinagar,Station Road Kashinagar,Kashinagar North / Industrial Area,Kashinagar South / Airport Road
Katihar,Bihar,Station Road Katihar,Mirchaibari Katihar,Mangal Bazar Katihar,Shaheed Chowk Katihar,Purnea Road Katihar,Katihar North / Industrial Area,Katihar South / Airport Road
Katni,Madhya Pradesh,Station Road Katni,Madhav Nagar Katni,Collectorate Area Katni,Jabalpur Road Katni,Barhi Road Katni,Katni North / Industrial Area,Katni South / Airport Road
Katra,Jammu and Kashmir,Katra Main Bazaar,Railway Station Road Katra,Ban Ganga Road Katra,Jammu Road Katra,Helipad Base Katra,Katra North / Industrial Area,Katra South / Airport Road
Kausani,Uttarakhand,Kausani Tea Estate Area,Baijnath Road Kausani,View Point VIP Marg,Bageshwar Highway Kausani,Anasakti Ashram Road,Kausani North / Industrial Area,Kausani South / Airport Road
Kendarapara,Odisha,Tinikonia Golei Kendarapara,Marshaghai Road,Cuttack-Kendrapara Highway,Duhuria Chowk,Bus Stand Kendrapara,Kendarapara North / Industrial Area,Kendarapara South / Airport Road
Kendrapara,Odisha,Tinikonia Chowk Kendrapara,Baladevjew Temple Area,Cuttack Highway Kendrapara,Old Bus Stand Kendrapara,Kakadpur Kendrapara,Kendrapara North / Industrial Area,Kendrapara South / Airport Road
Kenpura,Rajasthan,Main Bazaar Kenpura,Rani Station Link Kenpura,Pali-Falna Road,Kenpura Circle,Desuri Road,Kenpura North / Industrial Area,Kenpura South / Airport Road
Keonjhar,Odisha,Mining Area Keonjhar,Station Road Keonjhar,Judia Ghat Keonjhar,Bypass Chowk Keonjhar,Old Town Keonjhar,Keonjhar North / Industrial Area,Keonjhar South / Airport Road
Khadhuli,Uttar Pradesh,Main Market Khadhuli,Muzaffarnagar-Jansath Road,Khatauli Bypass,Railway Station Road Khadhuli,Sugar Mill Road,Khadhuli North / Industrial Area,Khadhuli South / Airport Road
Khaga,Uttar Pradesh,GT Road Khaga,Station Road Khaga,Kishanpur Road Khaga,Main Market Khaga,Bus Stand Khaga,Khaga North / Industrial Area,Khaga South / Airport Road
Khajuraho,Madhya Pradesh,Western Group of Temples Area,Khajuraho Airport Road,Sevagram Khajuraho,Eastern Group of Temples Road,Jain Temple Road Khajuraho,Khajuraho North / Industrial Area,Khajuraho South / Airport Road
Khalilabad,Uttar Pradesh,Station Road Khalilabad,Basti-Gorakhpur Highway Khalilabad,Mehdawal Road Khalilabad,Dhanghata Road,Mukhlishpur Road,Khalilabad North / Industrial Area,Khalilabad South / Airport Road
Khammam,Telangana,Wyra Road Khammam,Station Road Khammam,Khammam Fort Road,RTC Bus Stand Khammam,Mamillagudem Khammam,Khammam North / Industrial Area,Khammam South / Airport Road
Kharagpur,West Bengal,Kharagpur Railway Station Area,OT Road Kharagpur,IIT Kharagpur Gate Area,Malancha Road Kharagpur,Golbazar Kharagpur,Kharagpur North / Industrial Area,Kharagpur South / Airport Road
Kharar,Punjab,Kharar-Mohali Highway,Landran Road Kharar,Sunny Enclave Kharar,Kurali Road Kharar,Kharar Bus Stand Area,Kharar North / Industrial Area,Kharar South / Airport Road
Kharupetia,Assam,NH 15 Kharupetia,Main Market Kharupetia,Brahmaputra Ghat Road Kharupetia,Mangaldai Road Kharupetia,Daily Bazaar Kharupetia,Kharupetia North / Industrial Area,Kharupetia South / Airport Road
Khategaon,Madhya Pradesh,Indore-Betul Highway Khategaon,Main Market Khategaon,Bus Stand Khategaon,Nemawar Narmada Ghat Road,Kannod Road Khategaon,Khategaon North / Industrial Area,Khategaon South / Airport Road
Khatu-Shyamji,Rajasthan,Khatu Shyamji Temple Complex,Reengus Road Khatu,Toran Dwar Khatu,Parikrama Marg Khatu,Danta Road Khatu,Khatu-Shyamji North / Industrial Area,Khatu-Shyamji South / Airport Road
Kisanganj,Bihar,Station Road Kisanganj,Calcutta More Kisanganj,Paschimpalli Kisanganj,NH 31 Bypass Kisanganj,Khagra Kisanganj,Kisanganj North / Industrial Area,Kisanganj South / Airport Road
Kishangarh,Rajasthan,Madanganj Market Kishangarh,Marble Slurry Dump Road,Ajmer-Jaipur Highway Kishangarh,Station Road Kishangarh,Kishangarh Airport Road,Kishangarh North / Industrial Area,Kishangarh South / Airport Road
Kochi,Kerala,Fort Kochi Beach Area,Mattancherry Jew Town,Marine Drive Kochi,MG Road Ernakulam,Kochi Airport Nedumbassery,Kochi North / Industrial Area,Kochi South / Airport Road
Kodaikanal,Tamil Nadu,Kodaikanal Lake Road,Coaker's Walk Area,Seven Roads Junction Kodaikanal,Pillaiyar Temple Road,Fairy Falls Road,Kodaikanal North / Industrial Area,Kodaikanal South / Airport Road
Koderma,Jharkhand,Jhumri Telaiya Station Road,Koderma Station Road,Ranchi-Patna Highway Koderma,Chhatarbar Koderma,Telaiya Dam Road,Koderma North / Industrial Area,Koderma South / Airport Road
Kolhapur,Maharashtra,Mahalaxmi Temple Area Kolhapur,Tarabai Park Kolhapur,Station Road Kolhapur,CBS Central Bus Stand Kolhapur,Shahupuri Kolhapur,Kolhapur North / Industrial Area,Kolhapur South / Airport Road
Kolkata,West Bengal,Park Street Kolkata,Salt Lake Sector V IT Hub,New Town Rajarhat,Esplanade Chowringhee,Dum Dum Airport NSCBI,Kolkata North / Industrial Area,Kolkata South / Airport Road
Kollam,Kerala,Asramam Kollam,Chinnakada Clock Tower,Kollam Beach Road,Railway Station Road Kollam,Tangasseri Lighthouse Belt,Kollam North / Industrial Area,Kollam South / Airport Road
Konark,Odisha,Sun Temple Complex Konark,Chandrabhaga Beach Road,Marine Drive Puri-Konark,Konark Bus Stand,OTDC Panthanivas Area,Konark North / Industrial Area,Konark South / Airport Road
Konch,Uttar Pradesh,Station Road Konch,Main Market Konch,Orai Road Konch,Bus Stand Konch,Nadi Gaon Road Konch,Konch North / Industrial Area,Konch South / Airport Road
Koraput,Odisha,Station Road Koraput,NH 26 Koraput-Jeypore Road,Jagannath Temple Complex Koraput,Bus Stand Koraput,Post Office Road Koraput,Koraput North / Industrial Area,Koraput South / Airport Road
Korba,Chhattisgarh,TP Nagar Korba,Niharika Talkies Road Korba,Transport Nagar Korba,Railway Station Road Korba,Balco Township Road Korba,Korba North / Industrial Area,Korba South / Airport Road
Korekera,Chhattisgarh,Main Market Korekera,Kanker Highway Korekera,Bhanupratappur Road,Bus Stand Korekera,Civil Hospital Road Korekera,Korekera North / Industrial Area,Korekera South / Airport Road
Kosi Kalan,Uttar Pradesh,Delhi-Mathura Highway Kosi Kalan,Railway Station Road Kosi Kalan,Main Market Kosi Kalan,Barsana Road Kosi Kalan,Nandgaon Road Kosi Kalan,Kosi Kalan North / Industrial Area,Kosi Kalan South / Airport Road
Kota,Rajasthan,Station Road Kota,Aerodrome Circle Kota,Talwandi Coaching Area,Vigyan Nagar Kota,Indra Vihar Coaching Area,Kota North / Industrial Area,Kota South / Airport Road
Kotdwar,Uttarakhand,Railway Station Road Kotdwar,Badrinath Marg Kotdwar,Najibabad Road Kotdwar,Lansdowne Road Kotdwar,Govind Nagar Kotdwar,Kotdwar North / Industrial Area,Kotdwar South / Airport Road
Kottayam,Kerala,Railway Station Road Kottayam,KSRTC Bus Stand Kottayam,Baker Junction Kottayam,Kanjikuzhy Kottayam,Kumarakom Backwaters Road,Kottayam North / Industrial Area,Kottayam South / Airport Road
Kovalam,Kerala,Lighthouse Beach Kovalam,Hawa Beach Kovalam,Samudra Beach Kovalam,Kovalam-Trivandrum Beach Road,Ashoka Beach Kovalam,Kovalam North / Industrial Area,Kovalam South / Airport Road
Krishnagiri,Tamil Nadu,Bangalore Highway Krishnagiri,Collectorate Office Complex Krishnagiri,Rayakottai Road Krishnagiri,Old Bus Stand Krishnagiri,New Bus Stand Krishnagiri,Krishnagiri North / Industrial Area,Krishnagiri South / Airport Road
Kuchinda,Odisha,Main Market Kuchinda,Sambalpur Highway Kuchinda,Bus Stand Kuchinda,Sub-Divisional Hospital Road,Govt College Road Kuchinda,Kuchinda North / Industrial Area,Kuchinda South / Airport Road
Kumbhalgarh,Rajasthan,Kumbhalgarh Fort Road,Kelwara Village Area,Aret Gate Kumbhalgarh,Kumbhalgarh Wildlife Sanctuary Gate,Ranakpur Link Road,Kumbhalgarh North / Industrial Area,Kumbhalgarh South / Airport Road
Kunigal,Karnataka,Kunigal Town Centre,Bangalore-Mangalore Highway Kunigal,Kunigal Stud Farm Road,KSRTC Bus Stand Kunigal,Yediyur Link Road,Kunigal North / Industrial Area,Kunigal South / Airport Road
Kurnool,Andhra Pradesh,Station Road Kurnool,Bellary Road Kurnool,Old Bus Stand Kurnool,Nandyal Road Kurnool,Collectorate Area Kurnool,Kurnool North / Industrial Area,Kurnool South / Airport Road
Kurukshetra,Haryana,Brahma Sarovar Marg Kurukshetra,Railway Station Road Kurukshetra,Pipli GT Road Kurukshetra,Kurukshetra University Area,Jyotisar Tirtha Road,Kurukshetra North / Industrial Area,Kurukshetra South / Airport Road
Lakhimpur,Uttar Pradesh,Station Road Lakhimpur Kheri,Main Market Lakhimpur,Dudhwa National Park Link Road,Mela Maidan Lakhimpur,Sankata Devi Mandir Road,Lakhimpur North / Industrial Area,Lakhimpur South / Airport Road
Lakhisarai,Bihar,Station Road Lakhisarai,Vidyapeeth Chowk Lakhisarai,Purani Bazaar Lakhisarai,Patna-Kiul Highway Lakhisarai,Kiul Junction Area,Lakhisarai North / Industrial Area,Lakhisarai South / Airport Road
Lalgopalganj,Uttar Pradesh,Prayagraj-Lucknow Highway Lalgopalganj,Railway Station Road Lalgopalganj,Main Market Lalgopalganj,Ganga Ghat Road Lalgopalganj,Nawabganj Road Lalgopalganj,Lalgopalganj North / Industrial Area,Lalgopalganj South / Airport Road
Lambasingi,Andhra Pradesh,Lambasingi Coffee Plantations Belt,Narsipatnam-Paderu Road,Chintapalli Road Lambasingi,Lambasingi View Point Area,Cheruvulavenam Lambasingi,Lambasingi North / Industrial Area,Lambasingi South / Airport Road
Lasadiya,Rajasthan,Main Market Lasadiya,Dharapad Road Lasadiya,Udaipur-Salumber Link Road,Jaisamand Lake Link Road,Panchayat Samiti Lasadiya,Lasadiya North / Industrial Area,Lasadiya South / Airport Road
Latehar,Jharkhand,Main Road Latehar,Railway Station Road Latehar,Betla National Park Road,Court Compound Latehar,Daltonganj Highway Latehar,Latehar North / Industrial Area,Latehar South / Airport Road
Latur,Maharashtra,Station Road Latur,MIDC Latur,Shivaji Chowk Latur,Gandhi Chowk Latur,Nanded Road Latur,Latur North / Industrial Area,Latur South / Airport Road
Loharu,Haryana,Railway Station Road Loharu,Loharu Fort Area,Pilani Road Loharu,Surajgarh Highway Loharu,Main Bazaar Loharu,Loharu North / Industrial Area,Loharu South / Airport Road
Lonavala,Maharashtra,Bhushi Dam Road Lonavala,Tigers Point Road Lonavala,Mumbai-Pune Expressway Lonavala Exit,Old Khandala Road,Main Market Lonavala,Lonavala North / Industrial Area,Lonavala South / Airport Road
Lucknow,Uttar Pradesh,Hazratganj Lucknow,Gomti Nagar Lucknow,Charbagh Railway Station Area,Alambagh Lucknow,Indira Nagar Lucknow,Lucknow North / Industrial Area,Lucknow South / Airport Road
Ludhiana,Punjab,Ferozepur Road Ludhiana,Model Town Ludhiana,Railway Station Road Ludhiana,Sarabha Nagar Ludhiana,GT Road Ludhiana,Ludhiana North / Industrial Area,Ludhiana South / Airport Road
Lumding,Assam,Railway Station Road Lumding,South Colony Lumding,National Highway 54 Lumding,Lumding Junction Market,East Colony Lumding,Lumding North / Industrial Area,Lumding South / Airport Road
Lunkaransar,Rajasthan,Main Market Lunkaransar,Bikaner-Suratgarh Highway,Railway Station Road Lunkaransar,Salt Lake Road Lunkaransar,Bus Stand Lunkaransar,Lunkaransar North / Industrial Area,Lunkaransar South / Airport Road
Madurai,Tamil Nadu,Meenakshi Amman Temple Area,Mattuthavani Bus Stand Madurai,Railway Station Road Madurai,KK Nagar Madurai,Periyar Bus Stand Madurai,Madurai North / Industrial Area,Madurai South / Airport Road
Mahabaleshwar,Maharashtra,Panchgani-Mahabaleshwar Road,Venna Lake Area Mahabaleshwar,Mahabaleshwar Main Market,Old Mahabaleshwar Temple Area,Kate's Point Road Mahabaleshwar,Mahabaleshwar North / Industrial Area,Mahabaleshwar South / Airport Road
Mahabubabad,Telangana,Station Road Mahabubabad,Warangal Highway Mahabubabad,Old Bus Stand Mahabubabad,Nehru Centre Mahabubabad,Yellandu Road Mahabubabad,Mahabubabad North / Industrial Area,Mahabubabad South / Airport Road
Mahabubnagar,Telangana,Station Road Mahabubnagar,Raichur Road Mahabubnagar,New Bus Stand Mahabubnagar,Pillalamarri Banyan Tree Area,Jadcherla Highway Mahabubnagar,Mahabubnagar North / Industrial Area,Mahabubnagar South / Airport Road
Maihar,Madhya Pradesh,Sharda Devi Temple Complex Maihar,Station Road Maihar,NH 30 Satna-Katni Highway Maihar,Ghanta Ghar Maihar,Katra Bazar Maihar,Maihar North / Industrial Area,Maihar South / Airport Road
Mainpuri,Uttar Pradesh,Station Road Mainpuri,Kachehri Road Mainpuri,Agra Road Mainpuri,Radha Raman Mandir Road Mainpuri,Devi Road Mainpuri,Mainpuri North / Industrial Area,Mainpuri South / Airport Road
Majhdia,West Bengal,Station Road Majhdia,Krishnanagar Highway Majhdia,Gede Border Link Majhdia,Main Bazaar Majhdia,Hospital Morh Majhdia,Majhdia North / Industrial Area,Majhdia South / Airport Road
Malaka,Uttar Pradesh,Prayagraj Highway Malaka,Phaphamau Link Malaka,Main Market Malaka,Shantipuram Malaka,Ganga Bridge Road Malaka,Malaka North / Industrial Area,Malaka South / Airport Road
Malappuram,Kerala,Kottakkal Arya Vaidya Sala Area,Calicut Road Malappuram,Manjeri Road Malappuram,KSRTC Bus Stand Malappuram,Up Hill Malappuram,Malappuram North / Industrial Area,Malappuram South / Airport Road
Malda,West Bengal,English Bazaar Malda,Malda Town Railway Station Area,NH 12 Highway Malda,Mahananda Riverfront Malda,Mangalbari Malda,Malda North / Industrial Area,Malda South / Airport Road
Malout,Punjab,Main Bazaar Malout,Railway Station Road Malout,Bathinda-Fazilka Highway Malout,Muktsar Road Malout,Dabwali Road Malout,Malout North / Industrial Area,Malout South / Airport Road
Manali,Himachal Pradesh,The Mall Road Manali,Old Manali River Road,Aleo Manali,Naggar Road Aleo Manali,Vashisht Hot Springs Road,Manali North / Industrial Area,Manali South / Airport Road
Mancherial,Telangana,Station Road Mancherial,IB Chowk Mancherial,Bellampalli Highway Mancherial,Ganga Reddy Road Mancherial,Bus Stand Mancherial,Mancherial North / Industrial Area,Mancherial South / Airport Road
Mandarmoni,West Bengal,Mandarmoni Beach Road,Chaula Beach Mandarmoni,Dadanpatrabar Coastal Belt,Sea Beach Approach Road Mandarmoni,Silampur Beach Road Mandarmoni,Mandarmoni North / Industrial Area,Mandarmoni South / Airport Road
Mandawa,Rajasthan,Shekhawati Haveli Heritage Zone,Mukundgarh Road Mandawa,Main Bazaar Mandawa,Fatehpur Road Mandawa,Castle Mandawa Road,Mandawa North / Industrial Area,Mandawa South / Airport Road
Mandla,Madhya Pradesh,Station Road Mandla,Narmada Riverfront Ghats Mandla,Jabalpur Road Mandla,Kanha National Park Corridor Mandla,Civil Lines Mandla,Mandla North / Industrial Area,Mandla South / Airport Road
Manesar,Haryana,IMT Manesar Industrial Area,Delhi-Jaipur Expressway NH 48,Sector 1 Manesar,Sector 8 Manesar,Panchgaon Chowk Manesar,Manesar North / Industrial Area,Manesar South / Airport Road
Mangalore,Karnataka,Hampankatta Mangalore,Kadri Hills Mangalore,MG Road Mangalore,KSRTC Bus Stand Bejai Mangalore,Mangalore Central Railway Station Area,Mangalore North / Industrial Area,Mangalore South / Airport Road
Mangaon,Maharashtra,Mumbai-Goa Highway NH 66 Mangaon,Mangaon ST Bus Stand,Station Road Mangaon,Raigad Fort Link Road Mangaon,Harihareshwar Link Road Mangaon,Mangaon North / Industrial Area,Mangaon South / Airport Road
Mangarh,Rajasthan,Banswara-Dungarpur Link Mangarh,Mangarh Dham Memorial Area,Anandpuri Road Mangarh,Gujarat Border Highway Mangarh,Main Market Mangarh,Mangarh North / Industrial Area,Mangarh South / Airport Road
Masaurhi,Bihar,Station Road Masaurhi,Taregna Railway Station Area,Patna-Gaya Highway Masaurhi,Main Bazaar Masaurhi,Dak Bungalow Masaurhi,Masaurhi North / Industrial Area,Masaurhi South / Airport Road
Mathura,Uttar Pradesh,Krishna Janmabhoomi Complex Mathura,Vrindavan Link Road Mathura,Station Road Mathura Junction,NH 19 Delhi-Agra Highway Mathura,Dampier Nagar Mathura,Mathura North / Industrial Area,Mathura South / Airport Road
Maudaha,Uttar Pradesh,Station Road Maudaha,Kanpur-Sagar Highway Maudaha,Main Market Maudaha,Bus Stand Maudaha,Muskara Road Maudaha,Maudaha North / Industrial Area,Maudaha South / Airport Road
Mayapur,West Bengal,ISKCON Temple Complex Mayapur,Bhaktisiddhanta Saraswati Marg Mayapur,Hular Ghat Jetty Mayapur,Navadvip Ferry Point Mayapur,Ganga Riverfront Mayapur,Mayapur North / Industrial Area,Mayapur South / Airport Road
Mayiladuthurai,Tamil Nadu,Mayuranathar Temple Area Mayiladuthurai,Station Road Mayiladuthurai,Kumbakonam Road Mayiladuthurai,Bus Stand Mayiladuthurai,Pattamangalam Street Mayiladuthurai,Mayiladuthurai North / Industrial Area,Mayiladuthurai South / Airport Road
Medak,Telangana,Medak Fort Road,Cathedral Church Complex Medak,Hyderabad Road Medak,Bus Stand Medak,Ramayampet Road Medak,Medak North / Industrial Area,Medak South / Airport Road
Meerut,Uttar Pradesh,Meerut Cantt Railway Station Area,Civil Lines Meerut,Delhi Road Meerut,Abu Lane Meerut,Modipuram Meerut Bypass,Meerut North / Industrial Area,Meerut South / Airport Road
Merta,Rajasthan,Station Road Merta City,Meera Bai Mandir Area Merta,Nagaur-Ajmer Highway Merta,Bus Stand Merta City,Krishi Mandi Merta City,Merta North / Industrial Area,Merta South / Airport Road
Metpally,Telangana,Main Road Metpally,Karimnagar-Nizamabad Highway Metpally,Bus Stand Metpally,Gandhi Chowk Metpally,Vellulla Road Metpally,Metpally North / Industrial Area,Metpally South / Airport Road
Mirhachi,Uttar Pradesh,Main Market Mirhachi,Etah-Kasganj Highway Mirhachi,Bus Stand Mirhachi,Thana Road Mirhachi,Civil Hospital Road Mirhachi,Mirhachi North / Industrial Area,Mirhachi South / Airport Road
Mirzapur,Uttar Pradesh,Station Road Mirzapur,Civil Lines Mirzapur,Vindhyachal Temple Complex Mirzapur,Ganga Ghat Road Mirzapur,Dankeen Ganj Mirzapur,Mirzapur North / Industrial Area,Mirzapur South / Airport Road
Moga,Punjab,GT Road Moga,Railway Station Road Moga,Ferozepur Road Moga,Kotkapura Bypass Moga,Main Bazaar Moga,Moga North / Industrial Area,Moga South / Airport Road
Mohali,Punjab,Phase 3B2 Mohali,Phase 7 Mohali,Sector 70 Mohali,Phase 8 Industrial Area Mohali,Airport Road Mohali,Mohali North / Industrial Area,Mohali South / Airport Road
Mohania,Bihar,GT Road Mohania,Mohania Railway Station Area,Bhabhua Road Mohania,Patna-Varanasi Highway NH 19 Mohania,Main Market Mohania,Mohania North / Industrial Area,Mohania South / Airport Road
Moradabad,Uttar Pradesh,Station Road Moradabad,Civil Lines Moradabad,Delhi Road Moradabad,Ram Ganga Vihar Moradabad,Brass Market Moradabad,Moradabad North / Industrial Area,Moradabad South / Airport Road
Morbi,Gujarat,Sanala Road Morbi,Old Bus Stand Morbi,National Highway 8A Morbi Ceramic Belt,Trajpar Chowk Morbi,Ravapar Road Morbi,Morbi North / Industrial Area,Morbi South / Airport Road
Motihari,Bihar,Main Road Motihari,Station Road Motihari,Gandhi Sangrahalaya Area Motihari,Chhatauni Bus Stand Motihari,Balua Chowk Motihari,Motihari North / Industrial Area,Motihari South / Airport Road
Muktsar Sahib,Punjab,Muktsar-Bathinda Road,Railway Station Road Sri Muktsar Sahib,Tuti Gandi Sahib Gurdwara Area,Malout Road Muktsar,Kotkapura Road Muktsar,Muktsar Sahib North / Industrial Area,Muktsar Sahib South / Airport Road
Mumbai,Maharashtra,Colaba Marine Drive South Mumbai,Bandra Kurla Complex BKC,Juhu Beach Vile Parle Mumbai,Andheri East International Airport Area,Powai Hiranandani Mumbai,Mumbai North / Industrial Area,Mumbai South / Airport Road
Mundra,Gujarat,Mundra Port SEZ Belt,Main Market Mundra,Zero Point Mundra,Baroi Road Mundra,Samaghogha Road Mundra,Mundra North / Industrial Area,Mundra South / Airport Road
Munger,Bihar,Station Road Munger,Munger Fort Area,Ganga Ghat Road Munger,Jamalpur Junction Area Munger,Raj Bhavan Road Munger,Munger North / Industrial Area,Munger South / Airport Road
Mungra Badshahpur,Uttar Pradesh,GT Road Mungra Badshahpur,Station Road Mungra Badshahpur,Jaunpur-Allahabad Highway,Main Market Mungra Badshahpur,Sujanganj Road Mungra Badshahpur,Mungra Badshahpur North / Industrial Area,Mungra Badshahpur South / Airport Road
Munnar,Kerala,Old Munnar Town,Munnar Tea Gardens Scenic Belt,Mattupetty Dam Road Munnar,Chinnakanal Munnar,Pallivasal Munnar,Munnar North / Industrial Area,Munnar South / Airport Road
Munsyari,Uttarakhand,Main Bazaar Munsyari,Panchachuli View Point Road Munsyari,Madkot Road Munsyari,Darkot Village Heritage Handloom Belt,Birthi Falls Base Road Munsyari,Munsyari North / Industrial Area,Munsyari South / Airport Road
Murtizapur,Maharashtra,Station Road Murtizapur,National Highway 53 Murtizapur,Karanja Road Murtizapur,Main Market Murtizapur,Bus Stand Murtizapur,Murtizapur North / Industrial Area,Murtizapur South / Airport Road
Mussoorie,Uttarakhand,Mall Road Mussoorie,Kulri Bazaar Mussoorie,Library Chowk Mussoorie,Camel's Back Road Mussoorie,Kempty Falls Road Mussoorie,Mussoorie North / Industrial Area,Mussoorie South / Airport Road
Muzaffarnagar,Uttar Pradesh,Station Road Muzaffarnagar,Civil Lines Muzaffarnagar,Bhopa Road Muzaffarnagar,Roorkee Road Muzaffarnagar,New Mandi Muzaffarnagar,Muzaffarnagar North / Industrial Area,Muzaffarnagar South / Airport Road
Muzaffarpur,Bihar,Station Road Muzaffarpur,Motijheel Market Muzaffarpur,Bhagwanpur Chowk Muzaffarpur,Bairia Bus Stand Muzaffarpur,Gobarsahi Chowk Muzaffarpur,Muzaffarpur North / Industrial Area,Muzaffarpur South / Airport Road
Muzzafarnagar,Uttar Pradesh,Civil Lines Muzaffarnagar,Station Road Muzaffarnagar,Jansath Road Muzaffarnagar,New Mandi Muzaffarnagar,Shamli Road Muzaffarnagar,Muzzafarnagar North / Industrial Area,Muzzafarnagar South / Airport Road
Mysore,Karnataka,Mysore Palace Area,Sayyaji Rao Road Mysore,Gokulam Mysore,Hebbal Industrial Area Mysore,Vijay Nagar Mysore,Mysore North / Industrial Area,Mysore South / Airport Road
Nagaon Assam,Assam,Haibargaon Nagaon,Station Road Nagaon,AT Road Nagaon,Barabazar Nagaon,Dhing Road Nagaon,Nagaon Assam North / Industrial Area,Nagaon Assam South / Airport Road
Nagpur,Maharashtra,Sitabuldi Nagpur,Dharampeth Nagpur,Wardha Road Airport Corridor Nagpur,Ramdaspeth Nagpur,Civil Lines Nagpur,Nagpur North / Industrial Area,Nagpur South / Airport Road
Nainital,Uttarakhand,Mall Road Nainital,Naini Lake Boat Club Area,Tallital Nainital,Mallital Nainital,Pangot Snow View Road Nainital,Nainital North / Industrial Area,Nainital South / Airport Road
Nalkheda,Madhya Pradesh,Baglamukhi Mandir Complex Nalkheda,Lakhundar Riverfront Nalkheda,Main Market Nalkheda,Susner Road Nalkheda,Agar-Malwa Highway Nalkheda,Nalkheda North / Industrial Area,Nalkheda South / Airport Road
Namakkal,Tamil Nadu,Salem Road Namakkal,Namakkal Anjaneyar Temple Area,Mohanur Road Namakkal,Paramathi Road Namakkal,Tiruchengode Road Namakkal,Namakkal North / Industrial Area,Namakkal South / Airport Road
Nanded,Maharashtra,Hazur Sahib Gurdwara Area Nanded,Station Road Nanded,VIP Road Nanded,CIDCO Nanded,Vazirabad Nanded,Nanded North / Industrial Area,Nanded South / Airport Road
Nangal Chaudhary,Haryana,Main Market Nangal Chaudhary,Kotputli-Narnaul Highway,Bus Stand Nangal Chaudhary,Nangal Dargu Road,Behror Link Road,Nangal Chaudhary North / Industrial Area,Nangal Chaudhary South / Airport Road
Narasaraopeta,Andhra Pradesh,Prakash Nagar Narasaraopeta,Station Road Narasaraopeta,Arundelpet Narasaraopeta,Guntur Road Narasaraopeta,Kotappakonda Road Narasaraopeta,Narasaraopeta North / Industrial Area,Narasaraopeta South / Airport Road
Narnaul,Haryana,Mahavira Chowk Narnaul,Station Road Narnaul,Singhana Road Narnaul,Rewari Road Narnaul,Chhilar Road Narnaul,Narnaul North / Industrial Area,Narnaul South / Airport Road
Narsampet,Telangana,Main Road Narsampet,Warangal-Narsampet Highway,Pakhal Lake Road Narsampet,Bus Stand Narsampet,Clock Tower Narsampet,Narsampet North / Industrial Area,Narsampet South / Airport Road
Narsinghpur,Madhya Pradesh,Station Road Narsinghpur,Kandeli Narsinghpur,Station Ganj Narsinghpur,Jabalpur-Bhopal Highway Narsinghpur,Collectorate Compound Narsinghpur,Narsinghpur North / Industrial Area,Narsinghpur South / Airport Road
Nashik,Maharashtra,Panchavati Nashik,College Road Nashik,Gangapur Road Nashik,Trimbak Road Nashik,Mumbai Naka Nashik,Nashik North / Industrial Area,Nashik South / Airport Road
Navi Mumbai,Maharashtra,Vashi Sector 17 Navi Mumbai,CBD Belapur Navi Mumbai,Nerul Palm Beach Road Navi Mumbai,Kharghar Hiranandani Navi Mumbai,Airoli Mindspace Navi Mumbai,Navi Mumbai North / Industrial Area,Navi Mumbai South / Airport Road
Navsari,Gujarat,Station Road Navsari,Lunsikui Navsari,Sayaji Vaibhav Library Area Navsari,National Highway 48 Navsari Bypass,Dandi Beach Road Navsari,Navsari North / Industrial Area,Navsari South / Airport Road
Nawa,Rajasthan,Sambhar Salt Lake Road Nawa,Station Road Nawa City,Kuchaman Road Nawa,Main Market Nawa,Bus Stand Nawa,Nawa North / Industrial Area,Nawa South / Airport Road
Nawada,Bihar,Station Road Nawada,Main Road Nawada,Kakolat Falls Link Road Nawada,Sadbhavna Chowk Nawada,Ranchi-Patna Highway NH 20 Nawada,Nawada North / Industrial Area,Nawada South / Airport Road
Nawanshahr,Punjab,Chandigarh Road Nawanshahr,Railway Station Road Nawanshahr,Banga Road Nawanshahr,Rahon Road Nawanshahr,Old Bus Stand Nawanshahr,Nawanshahr North / Industrial Area,Nawanshahr South / Airport Road
Neemrana,Rajasthan,Neemrana Japanese Zone RIICO,Delhi-Jaipur Highway NH 48 Neemrana,Neemrana Fort Palace Heritage Belt,Majrakath Neemrana,Shahjahanpur Neemrana Link,Neemrana North / Industrial Area,Neemrana South / Airport Road
Neil Island,Andaman and Nicobar Islands,Bharatpur Beach Neil Island,Laxmanpur Beach Neil Island,Sitapur Beach Neil Island,Neil Island Jetty Market,Natural Bridge Coral Area,Neil Island North / Industrial Area,Neil Island South / Airport Road
Nellore,Andhra Pradesh,GT Road Nellore,Mini Bypass Road Nellore,Railway Station Road Nellore,Magunta Layout Nellore,Dargamitta Nellore,Nellore North / Industrial Area,Nellore South / Airport Road
Nizamabad,Telangana,Station Road Nizamabad,Khaleelwadi Nizamabad,Armoor Road Nizamabad,Bodhan Road Nizamabad,RTC Bus Stand Nizamabad,Nizamabad North / Industrial Area,Nizamabad South / Airport Road
Noida,Uttar Pradesh,Sector 18 Atta Market Noida,Sector 62 IT Hub Noida,Noida Expressway Sector 128-137,Sector 15 Metro Corridor Noida,Film City Sector 16A Noida,Noida North / Industrial Area,Noida South / Airport Road
Noorpur,Uttar Pradesh,Main Bazaar Noorpur,Bijnor Road Noorpur,Moradabad Road Noorpur,Bus Stand Noorpur,Chandpur Road Noorpur,Noorpur North / Industrial Area,Noorpur South / Airport Road
North-Lakhimpur,Assam,NT Road North Lakhimpur,Station Road North Lakhimpur,CD Road North Lakhimpur,Lilabari Airport Road North Lakhimpur,Khelmati North Lakhimpur,North-Lakhimpur North / Industrial Area,North-Lakhimpur South / Airport Road
Ooty,Tamil Nadu,Charing Cross Ooty,Commercial Road Ooty,Ooty Lake Boat House Area,Botanical Gardens Road Ooty,Coonoor Road Ooty,Ooty North / Industrial Area,Ooty South / Airport Road
Orchha,Madhya Pradesh,Orchha Fort Complex,Betwa Riverfront Orchha,Ram Raja Temple Marg Orchha,Jhansi Road Orchha,Cenotaphs Chhatris Road,Orchha Wildlife Sanctuary Gate,Tikamgarh Road Orchha
Pachmarhi,Madhya Pradesh,Pachmarhi Cantt,Subhash Chowk Pachmarhi,Bee Falls Road Pachmarhi,Pipariya Road Pachmarhi,Mahadeo Road Pachmarhi,Jata Shankar Road Pachmarhi,Pachmarhi Golf Course Area
Pahalgam,Jammu and Kashmir,Pahalgam Main Market,Lidder Riverfront Pahalgam,Aru Road Pahalgam,Betaab Valley Road Pahalgam,Baisaran Valley Trek Base,Chandanwari Road Pahalgam,Golf Course Pahalgam
Palampur,Himachal Pradesh,Berachah Palampur,Tea Garden Road Palampur,Main Market Palampur,Bandla Chasm Road Palampur,Maranda Railway Station Area,Chamunda Devi Road Palampur,Holta Camp Palampur
Palanpur,Gujarat,Station Road Palanpur,Abu Highway Palanpur,Delhi Gate Palanpur,GIDC Palanpur,Collectorate Area Palanpur,Ambaji Road Palanpur,Bus Station Palanpur
Pali,Rajasthan,Station Road Pali,Suraj Pole Pali,Mandia Road Industrial Area,Jodhpur Highway Pali,Sumerpur Road Pali,Pani Darwaza Pali,Collectorate Pali
Palia,Uttar Pradesh,Dudhwa Forest Base Road Palia,Station Road Palia Kalan,Main Market Palia,Lakhimpur Highway Palia,Bus Stand Palia Kalan,Sarda River Basin Road,Gauri Phanta Border Road
Palwal,Haryana,Delhi-Agra Highway NH 19 Palwal,Railway Station Road Palwal,Alawalpur Chowk Palwal,Minar Gate Palwal,Hodal Road Palwal,Sohna Road Palwal,New Colony Palwal
Panchkula,Haryana,Sector 5 MDC Panchkula,Sector 8 Panchkula,Sector 14 Panchkula,Sector 20 Panchkula,Morni Hills Road Panchkula,Pinjore-Kalka Urban Belt,Industrial Area Phase 2 Panchkula
Panipat,Haryana,GT Road Panipat,Model Town Panipat,Sector 11-12 Huda Panipat,Railway Station Road Panipat,Textile Market Panipat,Toll Plaza NH 44 Panipat,Assandh Road Panipat
Parbhani,Maharashtra,Station Road Parbhani,Shivaji Chowk Parbhani,Nanded Highway Parbhani,Vasantrao Naik Agricultural Uni Belt,Jintur Road Parbhani,Collectorate Parbhani,Karegaon Road Parbhani
Parvathipuram,Andhra Pradesh,Main Road Parvathipuram,Railway Station Road Parvathipuram,RTC Bus Stand Parvathipuram,Bobbili Road Parvathipuram,Salur Road Parvathipuram,Nagavali Riverfront Parvathipuram,Sundaranarayana Puram
Patan,Gujarat,Rani Ki Vav Road Patan,Patan Railway Station Road,Chanasma Highway Patan,Hemchandracharya University Area,Old Gunj Bazar Patan,Siddhpur Highway Patan,Deesa Road Patan
Pathanamthitta,Kerala,Central Junction Pathanamthitta,Ring Road Pathanamthitta,KSRTC Bus Stand Pathanamthitta,Sabarimala Base Kozhencherry Road,Adoor Road Pathanamthitta,Thiruvalla Highway Pathanamthitta,College Road Pathanamthitta
Pathankot,Punjab,Dalhousie Road Pathankot,Railway Station Road Pathankot,Mission Chowk Pathankot,Mamun Cantt Pathankot,Dhakki Road Pathankot,Jammu Highway NH 44 Pathankot,Shahpurkandi Dam Road
Patiala,Punjab,Mall Road Patiala,Leela Bhawan Patiala,Railway Station Road Patiala,Bhupindra Road Patiala,Baradari Gardens Area Patiala,Urban Estate Phase 1 Patiala,Sirhind Road Patiala
Patna,Bihar,Fraser Road Patna,Gandhi Maidan Patna,Boring Road Patna,Patna Junction Station Area,Patliputra Colony Patna,Bailey Road Patna,Danapur Cantt Patna
Pattamundai,Odisha,Station Road Pattamundai,Main Bazaar Pattamundai,Kendrapara-Pattamundai Highway,Bhitarkanika Sanctuary Gateway Road,Brahmani Riverfront Pattamundai,Hospital Chowk Pattamundai,Aul Link Road Pattamundai
Payyannur,Kerala,Railway Station Road Payyannur,Perumba Bus Stand Payyannur,Main Bazaar Payyannur,Kavvayi Backwaters Belt Payyannur,Keloth Payyannur,Kannur-Kasargod Highway Payyannur,Subramanya Temple Area
Pithampur,Madhya Pradesh,Sector 1 Pithampur Industrial Area,Sector 3 Pithampur Growth Centre,Indore Highway Pithampur,Mhow Road Pithampur,Kheda Pithampur,Main Market Pithampur,Sagore Bypass Pithampur
Pithoragarh,Uttarakhand,Siltham Pithoragarh,Main Bazaar Pithoragarh,Naya Bazaar Pithoragarh,Pithoragarh Fort Area,Naini Saini Airport Road,Dharchula Road Pithoragarh,Ghat Road Pithoragarh
Pondicherry,Puducherry,White Town French Quarter Pondicherry,Promenade Beach Road Pondicherry,Heritage Town Pondicherry,Auroville Road Pondicherry,ECR Road Pondicherry,Anna Salai Pondicherry,Mission Street Pondicherry
Poonch,Jammu and Kashmir,Main Bazaar Poonch,Bus Stand Poonch,Poonch Fort Area,Surankote Highway Poonch,Dak Bungalow Road Poonch,Poonch Riverfront,Mandi Link Road Poonch
Port-Blair,Andaman and Nicobar Islands,Aberdeen Bazaar Port Blair,Marina Park Road Port Blair,Cellular Jail Area Port Blair,Haddo Wharf Road Port Blair,Corbyn's Cove Beach Road,Veer Savarkar Airport Road Port Blair,Dollygunj Port Blair
Pratapgarh,Uttar Pradesh,Station Road Pratapgarh,Civil Lines Pratapgarh,Bela Pratapgarh Market,PBL Road Pratapgarh,Allahabad-Ayodhya Highway Pratapgarh,Kachehri Road Pratapgarh,Chilbila Pratapgarh
Prayagraj,Uttar Pradesh,Civil Lines Prayagraj,Prayagraj Junction Station Road,Sangam Ghat Area Prayagraj,George Town Prayagraj,Tagore Town Prayagraj,Lukarganj Prayagraj,Bamrauli Airport Road Prayagraj
Proddatur,Andhra Pradesh,Mydukur Road Proddatur,RTC Bus Stand Proddatur,Gandhi Road Proddatur,Jammalamadugu Road Proddatur,Bollavaram Proddatur,Koramenu Bazar Proddatur,Kadapa Highway Proddatur
Pune,Maharashtra,Shivajinagar Pune,Koregaon Park Pune,Viman Nagar Pune Airport Area,Hinjawadi IT Park Pune,Kothrud Pune,Baner Balewadi Pune,Pune Railway Station Area
Puranpur,Uttar Pradesh,Station Road Puranpur,Main Market Puranpur,Pilibhit Highway Puranpur,Mailani Road Puranpur,Chuka Beach Pilibhit Tiger Reserve Link,Bus Stand Puranpur,Kachehri Road Puranpur
Puri,Odisha,Golden Beach Marine Drive Puri,VIP Road Puri,Grand Road Bada Danda Puri,Jagannath Temple Complex Puri,Chakratirtha Road Puri,Swargadwar Beach Puri,Puri Railway Station Area
Purnea,Bihar,Line Bazar Purnea,Bhatta Bazar Purnea,Station Road Purnea,Ford Company Chowk Purnea,Madhubani Purnea,Gulabbagh Purnea,Purnea Airport Road
Purulia,West Bengal,Station Road Purulia,Court Road Purulia,Main Market Purulia,Bhatbandh Purulia,NH 18 Purulia Bypass,Ayodhya Hills Link Road Purulia,Ranchi Highway Purulia
Pushkar,Rajasthan,Brahma Temple Complex Pushkar,Pushkar Lake Ghats Area,Varaha Ghat Road Pushkar,Mela Ground Pushkar,Ajmer-Pushkar Road,Gurudwara Road Pushkar,Panch Kund Road Pushkar
Raebareily,Uttar Pradesh,Civil Lines Raebareli,Station Road Raebareli,Super Market Raebareli,Lucknow-Prayagraj Highway Raebareli,Kachehri Road Raebareli,Feroze Gandhi College Road,Dalmau Road Raebareli
Raghunathganj,West Bengal,Station Road Raghunathganj,Jangipur Railway Station Road,Bhagirathi Riverfront Raghunathganj,Main Market Raghunathganj,NH 12 Highway Raghunathganj,Umarpur Raghunathganj,Hospital More Raghunathganj
Raichur,Karnataka,Station Road Raichur,Ambedkar Circle Raichur,Lingasugur Road Raichur,Mantralayam Road Raichur,KSRTC Bus Stand Raichur,Raichur Fort Area,Agricultural University Road Raichur
Raiganj,West Bengal,Station Road Raiganj,Siliguri Morh Raiganj,Karnajora Raiganj,Mohanbati Raiganj,Kulik Bird Sanctuary Road Raiganj,College Para Raiganj,NH 12 Highway Raiganj
Raigarh,Chhattisgarh,Subhash Nagar Raigarh,Station Road Raigarh,Jindal Steel Complex Belt Raigarh,Chakradhar Nagar Raigarh,Kirodimal Nagar Raigarh,Dhimrapur Chowk Raigarh,NH 49 Highway Raigarh
Raipur,Chhattisgarh,Jail Road Raipur,VIP Road Raipur Airport Belt,Pandri Cloth Market Raipur,Station Road Raipur,Telibandha Marine Drive Raipur,Naya Raipur Atal Nagar,Tatibandh AIIMS Corridor Raipur
Rajahmundry,Andhra Pradesh,Main Road Rajahmundry,Godavari Bund Riverfront Rajahmundry,Kotipalli Bus Stand Rajahmundry,Railway Station Road Rajahmundry,Danavaipeta Rajahmundry,Diwancheruvu Highway Rajahmundry,Morampudi Junction Rajahmundry
Rajgir,Bihar,Kund Area Rajgir,Ropeway Shanti Stupa Base Rajgir,Station Road Rajgir,Nalanda Highway Rajgir,Venu Vana Area Rajgir,Main Market Rajgir,Chhabilapur Road Rajgir
Rajkot,Gujarat,Kalawad Road Rajkot,150 Feet Ring Road Rajkot,Yagnik Road Rajkot,Station Road Rajkot,Limda Chowk Rajkot,Madhapar Chowk Rajkot,Metoda GIDC Highway Rajkot
Rajmahal,Jharkhand,Ganga Ghat Road Rajmahal,Main Market Rajmahal,Station Road Rajmahal,Singhi Dalan Heritage Area,Barharwa Road Rajmahal,Sahibganj Highway Rajmahal,Ferry Ghat Rajmahal
Rajnandgaon,Chhattisgarh,Station Road Rajnandgaon,Ganj Line Rajnandgaon,Gurunanak Chowk Rajnandgaon,Flyover Chowk NH 53 Rajnandgaon,Kailash Nagar Rajnandgaon,Chikhli Rajnandgaon,Pendri Rajnandgaon
Rajpura,Punjab,GT Road Rajpura,Railway Station Road Rajpura,Patiala Road Rajpura,Focal Point Industrial Area Rajpura,Liberty Chowk Rajpura,Kasturba Road Rajpura,Banur Highway Rajpura
Ramanathapuram,Tamil Nadu,Madurai Road Ramanathapuram,Rameswaram Highway Ramanathapuram,Railway Station Road Ramanathapuram,New Bus Stand Ramanathapuram,Palace Area Ramanathapuram,Kenikarai Ramanathapuram,Devipattinam Road Ramanathapuram
Rameshwaram,Tamil Nadu,Ramanathaswamy Temple Complex Rameshwaram,Agni Teertham Beach Road Rameshwaram,Railway Station Road Rameshwaram,Dhanushkodi Road Rameshwaram,Ram Jharokha Road Rameshwaram,Goswami Madam Rameshwaram,Pamban Bridge Gateway Road
Ramgarh,Jharkhand,Station Road Ramgarh Cantt,Ranchi Road Ramgarh,NH 33 Highway Ramgarh, सुभाष Chowk Ramgarh,Chitarpur Road Ramgarh,Rajrappa Temple Link Road,Gola Road Ramgarh
Rampur,Uttar Pradesh,Civil Lines Rampur,Railway Station Road Rampur,Raza Library Heritage Area Rampur,Moradabad Highway Rampur,Bareilly Road Rampur,Topkhana Rampur,Bilaspur Gate Rampur
Ranchi,Jharkhand,Main Road Ranchi,Hinoo Airport Road Ranchi,Lalpur Ranchi,Station Road Ranchi Junction,Kanke Road Ranchi,Harmu Housing Colony Ranchi,Namkum Ranchi
Rasra,Uttar Pradesh,Station Road Rasra,Main Market Rasra,Ballia-Mau Highway Rasra,Nath Baba Mandir Area Rasra,Kotwari Road Rasra,Bus Stand Rasra,Tehsil Road Rasra
Rasulabad,Uttar Pradesh,Main Market Rasulabad,Kanpur Dehat Road Rasulabad,Bus Stand Rasulabad,Rura Road Rasulabad,Bela Road Rasulabad,Tehsil Compound Rasulabad,Civil Hospital Road Rasulabad
Rath,Uttar Pradesh,Sagar Road Rath,Hamirpur Highway Rath,Main Market Rath,Padav Chauraha Rath,Station Road Harpalpur Link Rath,Bus Stand Rath,Charkhari Road Rath
Ratlam,Madhya Pradesh,Station Road Ratlam,Do Batti Chauraha Ratlam,Sailana Road Ratlam,Jaora Road Ratlam,Mhow-Neemuch Highway Ratlam,Alkapuri Ratlam,Kothari Market Ratlam
Rayagada,Odisha,Station Road Rayagada,New Colony Rayagada,Barijhola Industrial Area Rayagada,Main Market Rayagada,Bus Stand Rayagada,JK Pur Township Belt Rayagada,Kapilash Road Rayagada
Reengus,Rajasthan,Railway Station Road Reengus,Khatu Shyamji Highway Reengus,NH 52 Sikar-Jaipur Highway Reengus,Main Market Reengus,Bus Stand Reengus,Industrial RIICO Belt Reengus,Bhairav Ji Temple Road Reengus
Renukoot,Uttar Pradesh,Hindalco Colony Renukoot,Railway Station Road Renukoot,Varanasi-Shaktinagar Highway Renukoot,Rihand Dam Area Renukoot,Murdhawa Industrial Area Renukoot,Main Market Renukoot,Pipri Link Road Renukoot
Rewa,Madhya Pradesh,Civil Lines Rewa,Station Road Rewa,College Chowk Rewa,Rewa Fort Area,NH 30 Bypass Rewa,Sirmour Chauraha Rewa,Bodbagh Rewa
Rewari,Haryana,Model Town Rewari,Brass Market Rewari,Circular Road Rewari,Railway Station Road Rewari,Delhi-Jaipur Highway Bawal Belt Rewari,Dharuhera Link Road Rewari,Jhajjhar Road Rewari
Rishikesh,Uttarakhand,Tapovan Laxman Jhula Area Rishikesh,Ram Jhula Swargashram Road Rishikesh,Rishikesh Railway Station Road,Triveni Ghat Area Rishikesh,Muni Ki Reti Rishikesh,Badrinath Highway Rishikesh,AIIMS Road Rishikesh
Rohtak,Haryana,Model Town Rohtak,Delhi Road Rohtak,Railway Station Road Rohtak,Subhash Nagar Rohtak,Jind Road Rohtak,MD University Campus Belt Rohtak,Sector 1-3 Huda Rohtak
Roorkee,Uttarakhand,Civil Lines Roorkee,IIT Roorkee Gate Area,Delhi-Haridwar Highway NH 334 Roorkee,Railway Station Road Roorkee,Dehradun Road Roorkee,Ganeshpur Roorkee,Roorkee Cantt
Rourkela,Odisha,Bisra Road Rourkela,Main Road Rourkela,Sector 5 Rourkela Steel Township,Civil Township Rourkela,Panposh Rourkela,Udit Nagar Rourkela,Koel Nagar Rourkela
Rudraprayag,Uttarakhand,Kedarnath-Badrinath Sangam Area Rudraprayag,Main Bazaar Rudraprayag,Belni Rudraprayag,Kotdwar Road Rudraprayag,Kedarnath Highway Rudraprayag,Gulabrai Rudraprayag,Koteshwar Mandir Road Rudraprayag
Rudrapur,Uttarakhand,Civil Lines Rudrapur,Nainital Highway Rudrapur,SIDCUL Industrial Area Rudrapur,Kashipur Bypass Rudrapur,Railway Station Road Rudrapur,Awas Vikas Rudrapur,Pantnagar Airport Road Rudrapur
Sagar,Madhya Pradesh,Civil Lines Sagar,Makronia Chauraha Sagar,Railway Station Road Sagar,Katraganj Sagar,Tili Road Medical College Area Sagar,Bhopal Road Sagar,Lakha Banjara Lake Area Sagar
Sagara,Karnataka,Station Road Sagara,Jog Falls Highway Sagara,Main Bazaar Sagara,Subhash Chowk Sagara,Soraba Road Sagara,Bus Stand Sagara,Shimoga Highway Sagara
Saharanpur,Uttar Pradesh,Court Road Saharanpur,Civil Lines Saharanpur,Railway Station Road Saharanpur,Delhi Road Saharanpur,Clock Tower Saharanpur,Ambala Highway Saharanpur,Bajoria Road Saharanpur
Sahaswan,Uttar Pradesh,Budaun Road Sahaswan,Main Market Sahaswan,Bus Stand Sahaswan,Nawada Road Sahaswan,Tehsil Road Sahaswan,Panchayat Chowk Sahaswan,Hospital Road Sahaswan
Sahawa,Rajasthan,Main Bazaar Sahawa,Taranagar Highway Sahawa,Bhadra Road Sahawa,Bus Stand Sahawa,Rawatsar Link Road Sahawa,Panchayat Bhawan Sahawa,Anaj Mandi Sahawa
Saifai,Uttar Pradesh,Saifai Sports Complex Area,Medical University PGI Road Saifai,Etawah-Mainpuri Road Saifai,Saifai Airstrip Road,Bus Stand Saifai,Kachehri Road Saifai,Saifai Railway Station Road
Saifni,Uttar Pradesh,Rampur-Sambhal Road Saifni,Main Market Saifni,Bus Stand Saifni,Thana Chauraha Saifni,Shahabad Road Saifni,Civil Hospital Saifni,Railway Link Road Saifni
Salasar,Rajasthan,Balaji Temple Complex Salasar,Sujangarh Road Salasar,Laxmangarh Road Salasar,Dharmshala Marg Salasar,Main Market Salasar,Bus Stand Salasar,Ratangarh Highway Salasar
Salem,Tamil Nadu,OMALUR Main Road Salem,Junction Railway Station Road Salem,Fairlands Salem,New Bus Stand Salem,Shevapet Salem,Yercaud Foothills Road Salem,Five Roads Salem
Samastipur,Bihar,Station Road Samastipur,Magardahi Ghat Road Samastipur,Tajpur Road Samastipur,Musrigharari Bypass Samastipur,Darbhanga Highway Samastipur,Kashipur Samastipur,Marwari Bazar Samastipur
Sangareddy,Telangana,Main Road Sangareddy,Mumbai Highway NH 65 Sangareddy,Collectorate Complex Sangareddy,Old Bus Stand Sangareddy,IIT Hyderabad Kandi Belt Sangareddy,Pothireddypally X Roads,Narsapur Road Sangareddy
Sangli,Maharashtra,Station Road Sangli,Vishrambag Sangli,Miraj Railway Junction Area Sangli,Sangli-Kolhapur Highway,Civil Hospital Road Sangli,Ganpati Peth Sangli,Kupwad MIDC Sangli
Sangrur,Punjab,Club Road Sangrur,Railway Station Road Sangrur,Patiala Highway Sangrur,Dhuri Road Sangrur,Sunam Road Sangrur,Kaula Park Sangrur,Civil Lines Sangrur
Sanyasidanga,West Bengal,Berhampore Highway Sanyasidanga,Bhagirathi Riverfront Sanyasidanga,Main Bazaar Sanyasidanga,Murshidabad Heritage Link,Bus Stand Sanyasidanga,Railway Gate Road Sanyasidanga,Hospital Road Sanyasidanga
Sasaram,Bihar,Sher Shah Suri Tomb Area Sasaram,GT Road Sasaram,Station Road Sasaram,Dharampura Sasaram,Rohtasgarh Fort Link Road Sasaram,Collectorate Sasaram,Post Office Chowk Sasaram
Satara,Maharashtra,Powai Naka Satara,Bombay Restaurant Chowk Satara,Pune-Bangalore Highway NH 48 Satara,Station Road Satara,Kaas Plateau Road Satara,Rajwada Satara,MIDC Satara
Satna,Madhya Pradesh,Station Road Satna,Rewa Road Satna,Circuit House Area Satna,Panna Highway Satna,Maihar Road Satna,Bharhut Nagar Satna,Bus Stand Satna
Sawayajpur,Uttar Pradesh,Hardoi Road Sawayajpur,Main Market Sawayajpur,Farrukhabad Link Road Sawayajpur,Bus Stand Sawayajpur,Tehsil Complex Sawayajpur,Civil Hospital Sawayajpur,Thana Chauraha Sawayajpur
Sehore,Madhya Pradesh,Bhopal-Indore Highway Sehore,Station Road Sehore,Chanakyapuri Sehore,Main Market Sehore,Crescent Water Park Area Sehore,Englishpura Sehore,Collectorate Sehore
Selu,Maharashtra,Station Road Selu,Parbhani-Jalna Highway Selu,Main Bazaar Selu,Bus Stand Selu,Agriculture College Road Selu,Court Road Selu,Mandi Complex Selu
Semiliguda,Odisha,Semiliguda Main Chowk,Sunabeda HAL Township Link,Koraput-Visakhapatnam Highway Semiliguda,Damanjodi NALCO Link Road,Bus Stand Semiliguda,Deomali Hill Trek Base Semiliguda,Hospital Road Semiliguda
Seoni,Madhya Pradesh,Station Road Seoni,Nagpur-Jabalpur Highway NH 44 Seoni,Dhanora Road Seoni,Barapatthar Seoni,Pench National Park Link Road Seoni,Bus Stand Seoni,Collectorate Seoni
Shahabad,Haryana,GT Road Shahabad Markanda,Railway Station Road Shahabad,Ladwa Road Shahabad,Main Market Shahabad,Markandeshwar Temple Area,Barara Road Shahabad,Anaj Mandi Shahabad
Shahada,Maharashtra,Station Road Shahada,Nandurbar Highway Shahada,Main Market Shahada,Dondaicha Road Shahada,Shirpur Road Shahada,Bus Stand Shahada,Prakash Temple Belt Shahada
Shahjahanpur,Uttar Pradesh,Town Hall Road Shahjahanpur,Station Road Shahjahanpur,Bareilly-Lucknow Highway Shahjahanpur,Civil Lines Shahjahanpur,Cantt Area Shahjahanpur,Bahadurganj Shahjahanpur,Roza Railway Junction Area
Shahpura,Rajasthan,Bhilwara-Jaipur Highway Shahpura,Shahpura Bagh Heritage Belt,Main Bazaar Shahpura,Kundan Pole Shahpura,Bus Stand Shahpura,Tehsil Road Shahpura,Ramdwara Temple Area Shahpura
Shantiniketan,West Bengal,Bolpur Railway Station Road Shantiniketan,Visva-Bharati University Area Shantiniketan,Prantik Station Area Shantiniketan,Sonajhuri Forest Haat Road,Khowai Shantiniketan,Ratan Palli Shantiniketan,Deer Park Road Shantiniketan
Shegaon,Maharashtra,Anand Sagar Complex Shegaon,Gajanan Maharaj Temple Complex Shegaon,Railway Station Road Shegaon,Khamgaon Road Shegaon,Balapur Road Shegaon,Main Bazaar Shegaon,Bus Stand Shegaon
Shibnibash,West Bengal,Shibnibash Temple Heritage Area,Ichamati Riverfront Shibnibash,Majhdia Link Road Shibnibash,Krishnanagar Highway Shibnibash,Gede Border Road Shibnibash,Main Market Shibnibash,Hospital Morh Shibnibash
Shillong,Meghalaya,Police Bazaar Shillong,Laitumkhrah Shillong,Ward's Lake Area Shillong,Umiam Lake Barapani Belt Shillong,Golf Links Shillong,Upper Shillong Elephant Falls Road,Mawlai Shillong
Shimla,Himachal Pradesh,The Mall Road Shimla,The Ridge Shimla,Lakkar Bazaar Shimla,Chotta Shimla,Sanjauli Shimla,Kufri Highway Shimla,Shimla Railway Station Area
Shirdi,Maharashtra,Sai Baba Temple Complex Shirdi,Pimpalwadi Road Shirdi,Ahmednagar-Manmad Highway Shirdi,Kopergaon Road Shirdi,Shirdi International Airport Belt,Nagar Road Shirdi,Sainagar Railway Station Area Shirdi
Shirur,Maharashtra,Pune-Nagar Highway Shirur,Main Bazaar Shirur,Ghodnadi Riverfront Shirur,MIDC Ranjangaon Industrial Belt Shirur,Bus Stand Shirur,Chakan Link Road Shirur,Baburao Nagar Shirur
Shivamogga,Karnataka,Park Extension Shivamogga,Station Road Shivamogga,Gopala Gowda Extension Shivamogga,Vidyanagar Shivamogga,Jog Falls Road Shivamogga,KSRTC Bus Stand Shivamogga,Bhadravati Highway Shivamogga
Sibsagar,Assam,Sivasagar Town Centre,Station Road Sibsagar,Sivasagar Sivadol Temple Complex,Joysagar Lake Area Sibsagar,AT Road Sibsagar,Boarding Road Sibsagar,Rang Ghar Heritage Belt Sibsagar
Sidhi,Madhya Pradesh,Hospital Road Sidhi,Station Road Sidhi,Rewa-Singrauli Highway Sidhi,Main Market Sidhi,Sanjay National Park Link Road Sidhi,Bus Stand Sidhi,Collectorate Sidhi
Sikandra Rao,Uttar Pradesh,GT Road Sikandra Rao,Aligarh Highway Sikandra Rao,Station Road Sikandra Rao,Kasganj Road Sikandra Rao,Main Market Sikandra Rao,Bus Stand Sikandra Rao,Thana Chowk Sikandra Rao
Sikar,Rajasthan,Station Road Sikar,Bajaj Road Sikar,Jaipur-Bikaner Highway Sikar,Palsana Road Sikar,Salasar Bus Stand Sikar,Fatehpur Road Sikar,Piprali Road Coaching Area Sikar
Silchar,Assam,Club Road Silchar,Station Road Silchar,Park Road Silchar,Silchar Airport Kumbhirgram Road,Rangirkhari Silchar,Tarapur Silchar,Barak Riverfront Silchar
Siliguri,West Bengal,Sevoke Road Siliguri,Hill Cart Road Siliguri,New Jalpaiguri NJP Railway Station Area,Pradhan Nagar Siliguri,Matigara Siliguri,Bagdogra Airport Corridor,Bidhan Market Siliguri
Silvassa,Dadra and Nagar Haveli and Daman and Diu,Naroli Road Silvassa,Khanvel Resort Area Silvassa,Vapi-Silvassa Highway,Dudhni Lake Water Sports Belt Silvassa,Sayli Road Silvassa,Madhuban Dam Road Silvassa,Tokarkhada Silvassa
Silwani,Madhya Pradesh,Raisen-Bhopal Highway Silwani,Main Market Silwani,Gairatganj Road Silwani,Bus Stand Silwani,Tehsil Road Silwani,Bareli Link Road Silwani,Civil Hospital Silwani
Sindhudurg,Maharashtra,Tarkarli Beach Belt Sindhudurg,Malvan Fort Beach Area Sindhudurg,Kudal Railway Station Area Sindhudurg,Sawantwadi Palace Lake Belt,Chipi Airport Parule Belt,Vengurla Beach Road Sindhudurg,NH 66 Mumbai-Goa Highway Sindhudurg
Singrauli,Madhya Pradesh,Waidhan Main Market Singrauli,Morwa Railway Station Area Singrauli,NTPC Shaktinagar Complex Belt,Jayant Coal Field Area Singrauli,Vindhyanagar Singrauli,Collectorate Waidhan Singrauli,Varanasi Highway Singrauli
Sironj,Madhya Pradesh,Station Road Sironj,Vidisha Highway Sironj,Main Bazaar Sironj,Guna Road Sironj,Bus Stand Sironj,Mahamaya Temple Area Sironj,Tehsil Sironj
Sisai,Jharkhand,Gumla-Ranchi Highway Sisai,Main Market Sisai,Bus Stand Sisai,Kudra Road Sisai,Thana Road Sisai,Koel Riverfront Sisai,Hospital Chowk Sisai
Sitapur,Uttar Pradesh,Station Road Sitapur,Civil Lines Sitapur,Lucknow-Shahjahanpur Highway Sitapur,Eye Hospital Road Sitapur,Lalbagh Sitapur,Naimisharanya Pilgrimage Link Sitapur,Transport Nagar Sitapur
Siyana,Uttar Pradesh,Bulandshahr-Garh Road Siyana,Main Bazaar Siyana,Bus Stand Siyana,Kuchesar Mud Fort Link Road Siyana,Thana Road Siyana,Civil Hospital Siyana,Ganga Canal Road Siyana
Solapur,Maharashtra,Station Road Solapur,Hotgi Road Airport Area Solapur,Saat Rasta Solapur,Siddheshwar Temple Complex Solapur,Old Pune Naka Solapur,Murarji Peth Solapur,MIDC Chincholi Solapur
Sonipat,Haryana,Murthal Dhaba Corridor NH 44 Sonipat,Sector 14 Sonipat,Subhash Chowk Sonipat,Railway Station Road Sonipat,Kundli Industrial SEZ Belt Sonipat,Rai Industrial Area Sonipat,Atlas Road Sonipat
Sonmarg,Jammu and Kashmir,Main Market Sonmarg,Thajiwas Glacier Trek Base Sonmarg,Sindh Riverfront Sonmarg,Srinagar-Leh Highway Sonmarg,Baltal Amarnath Base Camp Road,Fish Point Sonmarg,Sonmarg Meadow View Resort Belt
Sri Ganganagar,Rajasthan,Suratgarh Road Sri Ganganagar,Railway Station Road Sri Ganganagar,Sukhadia Circle Sri Ganganagar,Gol Bazaar Sri Ganganagar,Hanumangarh Road Sri Ganganagar,Purani Abadi Sri Ganganagar,Padampur Road Sri Ganganagar
Sri-Ganganagar,Rajasthan,Suratgarh Road Sri Ganganagar,Railway Station Road Sri Ganganagar,Sukhadia Circle Sri Ganganagar,Gol Bazaar Sri Ganganagar,Hanumangarh Road Sri Ganganagar,Purani Abadi Sri Ganganagar,Padampur Road Sri Ganganagar
Srikakulam,Andhra Pradesh,Day & Night Junction Srikakulam,Palakonda Road Srikakulam,Railway Station Road Amadalavalasa Srikakulam,RTC Bus Stand Srikakulam,Arasavalli Sun Temple Area Srikakulam,NH 16 Highway Srikakulam,Seven Hills Colony Srikakulam
Srikalahasthi,Andhra Pradesh,Srikalahasti Temple Complex,Railway Station Road Srikalahasti,RTC Bus Stand Srikalahasti,Tirupati Highway Srikalahasti,Swarnamukhi Riverfront Srikalahasti,Panagal Srikalahasti,Bypass Road Srikalahasti
Srinagar,Jammu and Kashmir,Dal Lake Boulevard Road Srinagar,Lal Chowk Srinagar,Rajbagh Srinagar,Nigeen Lake Area Srinagar,Srinagar International Airport Road,Dalgate Srinagar,Shalimar Mughal Gardens Road Srinagar
Sultanpur,Uttar Pradesh,Civil Lines Sultanpur,Station Road Sultanpur,Lucknow-Varanasi Highway Sultanpur,Gomti Riverfront Sultanpur,Golaghat Sultanpur,Paryatan Awas Sultanpur,Amethi Highway Sultanpur
Sundarban,West Bengal,Godkhali Jetty Gateway Sundarban,Gosaba Island Base Sundarban,Pakhiralay Tourist Lodge Belt Sundarban,Dayapur Sundarban,Sajnekhali Watch Tower Area Sundarban,Jharkhali Eco Tourism Hub,Canning Transit Gateway Sundarban
Sundergarh,Odisha,Station Road Sundergarh,Bypass Chowk Sundergarh,Rourkela Highway Sundergarh,Ib Riverfront Sundergarh,Main Market Sundergarh,Collectorate Sundergarh,Regent Market Sundergarh
Surat,Gujarat,Ring Road Surat Textile Market,Varachha Surat Diamond Hub,Dumas Beach Road Surat,Surat Railway Station Area,Piplod Dumas Road Surat,Athwa Lines Surat,Adajan Surat
Surathkal,Karnataka,Surathkal Beach Road,NITK Surathkal Campus Gate Area,NH 66 Highway Surathkal,Surathkal Railway Station Road,Mukka Surathkal,Honnakatte Surathkal,Iddya Surathkal
Surendranagar,Gujarat,Station Road Surendranagar,Bus Stand Surendranagar,Wadhwan Heritage City Road Surendranagar,Joravarnagar Surendranagar,GIDC Industrial Area Surendranagar,Ahmedabad Highway Surendranagar,80 Feet Road Surendranagar
Tezpur,Assam,Mission Chariali Tezpur,Tribeni Tezpur,Agnigarh Hill Area Tezpur,Tezpur Airport Salonibari Road,ASTC Bus Stand Tezpur,Coles Park Road Tezpur,Brahmaputra Riverfront Mahabhairab Tezpur
Thanjavur,Tamil Nadu,Brihadeeswara Big Temple Area Thanjavur,South Rampart Thanjavur,Railway Station Road Thanjavur,Medical College Road Thanjavur,Old Bus Stand Thanjavur,Trichy Highway Thanjavur,Pudukkottai Road Thanjavur
Thekkady,Kerala,Kumily Thekkady Periyar Gate Area,Ambady Junction Thekkady,Lake Road Thekkady Boat Jetty,Kottayam-Kumily Road Thekkady,Anakkara Spice Plantations Belt,Spring Valley Thekkady,Murikkady Thekkady
Thrissur,Kerala,Swaraj Round Vadakkumnathan Temple Thrissur,Thrissur Railway Station Area,KSRTC Bus Stand Thrissur,MG Road Thrissur,East Fort Thrissur,Ayyanthole Collectorate Belt Thrissur,Puzhakkal Thrissur
Tiruchendur,Tamil Nadu,Subramanya Swamy Temple Complex Tiruchendur,Tiruchendur Beach Road,Railway Station Road Tiruchendur,Bus Stand Tiruchendur,Tuticorin Highway Tiruchendur,Kanyakumari Coastal Highway Tiruchendur,Nazareth Road Tiruchendur
Tirunelveli,Tamil Nadu,Junction Railway Station Road Tirunelveli,Palayamkottai Tirunelveli,Nellaiappar Temple Complex Tirunelveli,New Bus Stand Tirunelveli,Vannarpettai Tirunelveli,Madurai Highway Tirunelveli,Town Market Tirunelveli
Tirupati,Andhra Pradesh,Tirumala Balaji Temple Hills Belt,Tirupati Railway Station Area,Alipiri Toll Gate Tirupati,RTC Central Bus Stand Tirupati,Renigunta Airport Road Tirupati,Bhavani Nagar Tirupati,Chandragiri Road Tirupati
Tiruppur,Tamil Nadu,Avinashi Road Tiruppur,Railway Station Road Tiruppur,Old Bus Stand Tiruppur,New Bus Stand Tiruppur,Palladam Road Tiruppur,Dharapuram Road Tiruppur,Mangalam Road Tiruppur
Tirwa,Uttar Pradesh,Main Market Tirwa,Medical College Road Tirwa,Kannauj Highway Tirwa,Bus Stand Tirwa,Thana Chauraha Tirwa,Subhash Chowk Tirwa,Tehsil Tirwa
Tohana,Haryana,Railway Station Road Tohana,Hisar-Chandigarh Highway Tohana,Main Bazaar Tohana,Bus Stand Tohana,Canal Colony Tohana,Ratia Road Tohana,Anaj Mandi Tohana
Tonk,Rajasthan,Clock Tower Tonk,Station Road Niwai Link Tonk,Jaipur-Kota Highway NH 52 Tonk,Nazar Bagh Tonk,Old Bus Stand Tonk,Collectorate Circle Tonk,Chhavani Tonk
Trichy,Tamil Nadu,Cantonment Central Bus Stand Trichy,Rockfort Temple Area Trichy,Trichy Railway Station Junction Road,Srirangam Temple Complex Trichy,Thillai Nagar Trichy,Tiruchirappalli International Airport Belt,TVS Tollgate Trichy
Tundla,Uttar Pradesh,Railway Station Road Tundla,GT Road NH 19 Tundla,Main Market Tundla,Firozabad Link Road Tundla,Agra Highway Tundla,Railway Colony Tundla,Bypass Chauraha Tundla
Udaipur,Rajasthan,Lake Pichola City Palace Area Udaipur,Fateh Sagar Lake Road Udaipur,Sukhadia Circle Udaipur,Saheliyon Ki Bari Road Udaipur,Udaipur City Railway Station Area,Hiran Magri Sector 4-5 Udaipur,Goverdhan Vilas Ahmedabad Highway Udaipur
Udupi-Manipal,Karnataka,Manipal Tiger Circle MIT Campus Area,Udupi Sri Krishna Temple Complex,Malpe Beach Harbor Belt Udupi,Udupi Railway Station Area,Kalsanka Udupi,Kinnimulki Manipal Highway,Kadiyali Udupi
Ujjain,Madhya Pradesh,Freeganj Ujjain,Dewas Road Ujjain,Indore Highway Ujjain,,,,
Una,Himachal Pradesh,Railway Station Road Una,Chandigarh-Dharamsala Highway Una,Main Market Una,Chintpurni Mata Pilgrimage Link Road Una,Old Bus Stand Una,Nangal Highway Una,Mehatpur Industrial Area Una
Utraula,Uttar Pradesh,Main Market Utraula,Balrampur Highway Utraula,Gonda Road Utraula,Station Road Utraula,Bus Stand Utraula,Raza Bazaar Utraula,Hospital Chowk Utraula
Vadodara,Gujarat,Alkapuri Vadodara,Vadodara Central Railway Station Area,Sayajigunj Vadodara,Race Course Road Vadodara,Akota Vadodara,Old Padra Road Vadodara,Harni Airport Road Vadodara
Varanasi,Uttar Pradesh,Dashashwamedh Ghat Godowlia Area Varanasi,Kashi Vishwanath Temple Corridor Varanasi,Varanasi Junction Cantt Station Road,Assi Ghat BHU University Road Varanasi,Civil Lines Cantt Varanasi,Sarnath Buddhist Pilgrimage Area Varanasi,Lal Bahadur Shastri Babatpur Airport Belt Varanasi
Vellore,Tamil Nadu,Katpadi Railway Junction Area Vellore,Vellore Fort Area,CMC Hospital Ida Scudder Road Vellore,Sripuram Golden Temple Area Vellore,Bagayam Vellore,Gandhi Nagar Vellore,Bengaluru-Chennai Highway NH 48 Vellore
Vijayawada,Andhra Pradesh,MG Road Bandar Road Vijayawada,Besant Road Vijayawada,Vijayawada Railway Station Area,Pandit Nehru Bus Station PNBS Vijayawada,Kanaka Durga Temple Ghat Road Vijayawada,Benz Circle Vijayawada,Gannavaram Airport Corridor Vijayawada
Vijaynagar,Rajasthan,Main Bazaar Vijaynagar,Ajmer-Bhilwara Highway Vijaynagar,Railway Station Road Vijaynagar,Bus Stand Vijaynagar,Krishi Mandi Vijaynagar,Mills Colony Vijaynagar,Badnor Road Vijaynagar
Villupuram,Tamil Nadu,Railway Station Road Villupuram,Old Bus Stand Villupuram,New Bus Stand Villupuram,Chennai-Trichy Highway NH 45 Villupuram,Pondicherry Highway Villupuram,KK Road Villupuram,Collectorate Villupuram
Visakhapatnam,Andhra Pradesh,RK Beach Road Visakhapatnam,Siripuram Visakhapatnam,Dwaraka Nagar RTC Complex Visakhapatnam,Visakhapatnam Railway Station Area,Rushikonda Beach IT SEZ Belt Visakhapatnam,Gajuwaka Industrial Corridor Visakhapatnam,Visakhapatnam Airport NAD Kotha Road
Vizianagaram,Andhra Pradesh,Railway Station Road Vizianagaram,RTC Complex Vizianagaram,Vizianagaram Fort Area,Mayuri Junction Vizianagaram,Cantonment Vizianagaram,Balaji Nagar Vizianagaram,Ring Road Vizianagaram
Vrindavan,Uttar Pradesh,Bankey Bihari Temple Marg Vrindavan,Prem Mandir Road Vrindavan,ISKCON Temple Bhaktivedanta Swami Marg Vrindavan,Vrindavan Parikrama Marg,Chhatikara Vrindavan Road NH 19,Vrindavan Railway Station Area,Raman Reti Vrindavan
Warangal,Telangana,Hanamkonda Subedari Warangal,Kazipet Railway Junction Area Warangal,Warangal Fort Heritage Area,Thousand Pillar Temple Road Hanamkonda,Nayeem Nagar Warangal,RTC Bus Stand Hanamkonda,Hunter Road Warangal
Wardha,Maharashtra,Station Road Wardha,Sevagram Ashram Heritage Area Wardha,Civil Lines Wardha,Bajaj Chowk Wardha,Nagpur Highway Wardha,Bachelor Road Wardha,MIDC Wardha
Wayanad,Kerala,Kalpetta Town Centre Wayanad,Sulthan Bathery Wayanad,Vythiri Rainforest Belt Wayanad,Meppadi Chembra Peak Road Wayanad,Mananthavady Wayanad,Banasura Sagar Dam Road Wayanad,Lakkidi View Point Belt Wayanad
Yanam,Puducherry,Beach Road Yanam,Gautami Godavari Riverfront Yanam,Main Market Yanam,Pillar of France Heritage Area Yanam,Kakinada-Yanam Highway,Ambedkar Chowk Yanam,Bus Stand Yanam
Yavatmal,Maharashtra,Civil Lines Yavatmal,Station Road Yavatmal,Darda Chowk Yavatmal,Nagpur-Tuljapur Highway Yavatmal,Arni Road Yavatmal,Bus Stand Yavatmal,MIDC Lohara Yavatmal
Yelagiri,Tamil Nadu,Yelagiri Athanavur Lake Area,Kottaiyur Yelagiri,Mangalam Yelagiri,Boat House Road Yelagiri,Nature Park Road Yelagiri,Jolarpettai Station Road Yelagiri Base,Swamimalai Trek Road Yelagiri
Yercaud,Tamil Nadu,Yercaud Big Lake Road,Pagoda Point Road Yercaud,Lady's Seat View Road Yercaud,Shevaroy Temple Road Yercaud,Salem-Yercaud Ghat Road,Kiliyur Falls Road Yercaud,Tipperary View Point Yercaud
Zirakpur,Punjab,VIP Road Zirakpur,Chandigarh-Ambala Highway NH 152 Zirakpur,Patiala Road Zirakpur,Baltana Zirakpur,Dhakoli Zirakpur,Airport Ring Road Zirakpur,Panchkula-Shimla Barrier Road Zirakpur